ORDER_ID,FOOD_ID,QUANTITY
0,1,1
1,1,1
3,1,1
4,1,1
6,1,1
7,1,1
10,1,1
11,1,1
12,1,1
13,1,1
14,1,1
15,1,1
17,1,1
18,1,1
19,1,1
20,1,1
21,1,1
22,1,1
25,1,1
26,1,1
27,1,1
28,1,1
29,1,1
30,1,1
31,1,1
32,1,1
33,1,1
34,1,1
35,1,1
36,1,1
37,1,1
38,1,1
39,1,1
40,1,1
41,1,1
43,1,1
45,1,1
46,1,1
47,1,1
48,1,1
51,1,1
53,1,1
55,1,1
56,1,1
57,1,1
58,1,1
59,1,1
60,1,1
62,1,1
63,1,1
64,1,1
65,1,1
66,1,1
67,1,1
69,1,1
70,1,1
71,1,1
73,1,1
74,1,1
75,1,1
77,1,1
78,1,1
80,1,1
81,1,1
83,1,1
84,1,1
85,1,1
86,1,1
88,1,1
90,1,1
91,1,1
93,1,1
94,1,1
95,1,1
96,1,1
97,1,1
100,1,1
101,1,1
102,1,1
103,1,1
104,1,1
106,1,1
107,1,1
109,1,1
110,1,1
111,1,1
112,1,1
113,1,1
114,1,1
115,1,1
116,1,1
117,1,1
118,1,1
120,1,1
122,1,1
124,1,1
125,1,1
126,1,1
128,1,1
131,1,1
134,1,1
136,1,1
137,1,1
138,1,1
140,1,1
142,1,1
143,1,1
144,1,1
145,1,1
146,1,1
147,1,1
148,1,1
149,1,1
151,1,1
152,1,1
153,1,1
154,1,1
155,1,1
156,1,1
157,1,1
158,1,1
159,1,1
160,1,1
161,1,1
162,1,1
163,1,1
164,1,1
165,1,1
167,1,1
168,1,1
170,1,1
171,1,1
172,1,1
173,1,1
174,1,1
176,1,1
177,1,1
178,1,1
179,1,1
180,1,1
181,1,1
182,1,1
183,1,1
184,1,1
185,1,1
186,1,1
187,1,1
189,1,1
191,1,1
192,1,1
193,1,1
194,1,1
196,1,1
198,1,1
199,1,1
200,1,1
201,1,1
202,1,1
203,1,1
204,1,1
205,1,1
206,1,1
208,1,1
210,1,1
211,1,1
212,1,1
213,1,1
214,1,1
216,1,1
217,1,1
218,1,1
219,1,1
220,1,1
221,1,1
222,1,1
223,1,1
224,1,1
225,1,1
229,1,1
230,1,1
231,1,1
232,1,1
235,1,1
236,1,1
237,1,1
238,1,1
239,1,1
240,1,1
243,1,1
244,1,1
245,1,1
246,1,1
247,1,1
248,1,1
249,1,1
252,1,1
253,1,1
254,1,1
255,1,1
257,1,1
258,1,1
259,1,1
261,1,1
262,1,1
263,1,1
264,1,1
265,1,1
269,1,1
270,1,1
272,1,1
273,1,1
274,1,1
275,1,1
276,1,1
277,1,1
278,1,1
279,1,1
280,1,1
281,1,1
282,1,1
284,1,1
285,1,1
286,1,1
288,1,1
289,1,1
290,1,1
291,1,1
292,1,1
293,1,1
294,1,1
295,1,1
296,1,1
297,1,1
299,1,1
301,1,1
302,1,1
303,1,1
304,1,1
305,1,1
306,1,1
307,1,1
309,1,1
310,1,1
311,1,1
313,1,1
314,1,1
316,1,1
317,1,1
318,1,1
319,1,1
320,1,1
321,1,1
322,1,1
323,1,1
324,1,1
325,1,1
326,1,1
328,1,1
329,1,1
330,1,1
331,1,1
332,1,1
333,1,1
334,1,1
335,1,1
336,1,1
337,1,1
338,1,1
340,1,1
342,1,1
343,1,1
344,1,1
345,1,1
346,1,1
347,1,1
349,1,1
351,1,1
352,1,1
353,1,1
354,1,1
355,1,1
357,1,1
358,1,1
359,1,1
360,1,1
361,1,1
362,1,1
365,1,1
366,1,1
367,1,1
368,1,1
369,1,1
370,1,1
372,1,1
373,1,1
374,1,1
375,1,1
376,1,1
377,1,1
379,1,1
380,1,1
381,1,1
382,1,1
383,1,1
384,1,1
385,1,1
386,1,1
387,1,1
388,1,1
389,1,1
390,1,1
391,1,1
392,1,1
394,1,1
395,1,1
396,1,1
397,1,1
399,1,1
400,1,1
401,1,1
402,1,1
403,1,1
404,1,1
406,1,1
409,1,1
410,1,1
411,1,1
413,1,1
414,1,1
415,1,1
416,1,1
417,1,1
418,1,1
419,1,1
420,1,1
421,1,1
422,1,1
423,1,1
425,1,1
426,1,1
427,1,1
428,1,1
429,1,1
430,1,1
431,1,1
432,1,1
433,1,1
434,1,1
435,1,1
436,1,1
437,1,1
438,1,1
439,1,1
441,1,1
442,1,1
443,1,1
444,1,1
446,1,1
449,1,1
450,1,1
452,1,1
453,1,1
454,1,1
455,1,1
457,1,1
458,1,1
459,1,1
460,1,1
461,1,1
462,1,1
463,1,1
464,1,1
465,1,1
466,1,1
467,1,1
468,1,1
469,1,1
470,1,1
471,1,1
472,1,1
473,1,1
474,1,1
476,1,1
477,1,1
478,1,1
479,1,1
480,1,1
482,1,1
483,1,1
484,1,1
485,1,1
487,1,1
488,1,1
489,1,1
490,1,1
491,1,1
492,1,1
493,1,1
494,1,1
495,1,1
496,1,1
497,1,1
498,1,1
499,1,1
500,1,1
501,1,1
502,1,1
503,1,1
504,1,1
506,1,1
507,1,1
508,1,1
509,1,1
511,1,1
512,1,1
513,1,1
514,1,1
515,1,1
516,1,1
517,1,1
518,1,1
519,1,1
520,1,1
521,1,1
522,1,1
523,1,1
524,1,1
525,1,1
526,1,1
527,1,1
528,1,1
530,1,1
531,1,1
533,1,1
534,1,1
537,1,1
538,1,1
539,1,1
541,1,1
544,1,1
545,1,1
547,1,1
548,1,1
549,1,1
550,1,1
551,1,1
552,1,1
553,1,1
555,1,1
556,1,1
558,1,1
560,1,1
561,1,1
562,1,1
563,1,1
564,1,1
565,1,1
566,1,1
567,1,1
568,1,1
569,1,1
570,1,1
573,1,1
574,1,1
575,1,1
576,1,1
577,1,1
578,1,1
579,1,1
580,1,1
581,1,1
583,1,1
585,1,1
586,1,1
587,1,1
588,1,1
591,1,1
592,1,1
593,1,1
594,1,1
595,1,1
596,1,1
597,1,1
598,1,1
599,1,1
0,2,1
1,2,1
2,2,1
3,2,1
4,2,1
6,2,1
8,2,1
9,2,1
11,2,1
12,2,1
13,2,1
15,2,1
16,2,1
18,2,1
19,2,1
21,2,1
23,2,1
24,2,1
25,2,1
26,2,1
29,2,1
30,2,1
33,2,1
34,2,1
38,2,1
40,2,1
41,2,1
44,2,1
48,2,1
49,2,1
50,2,1
51,2,1
52,2,1
54,2,1
59,2,1
60,2,1
61,2,1
62,2,1
63,2,1
64,2,1
65,2,1
66,2,1
68,2,1
69,2,1
70,2,1
71,2,1
73,2,1
77,2,1
79,2,1
80,2,1
81,2,1
85,2,1
86,2,1
87,2,1
90,2,1
93,2,1
98,2,1
100,2,1
101,2,1
104,2,1
105,2,1
106,2,1
107,2,1
108,2,1
112,2,1
113,2,1
115,2,1
117,2,1
118,2,1
119,2,1
120,2,1
121,2,1
122,2,1
123,2,1
125,2,1
126,2,1
127,2,1
128,2,1
129,2,1
135,2,1
137,2,1
141,2,1
142,2,1
143,2,1
144,2,1
148,2,1
150,2,1
152,2,1
155,2,1
156,2,1
157,2,1
160,2,1
161,2,1
162,2,1
163,2,1
164,2,1
166,2,1
169,2,1
171,2,1
172,2,1
174,2,1
175,2,1
176,2,1
177,2,1
178,2,1
181,2,1
183,2,1
186,2,1
189,2,1
191,2,1
192,2,1
193,2,1
194,2,1
198,2,1
200,2,1
201,2,1
203,2,1
204,2,1
205,2,1
206,2,1
207,2,1
210,2,1
212,2,1
214,2,1
215,2,1
216,2,1
217,2,1
218,2,1
220,2,1
221,2,1
222,2,1
223,2,1
224,2,1
225,2,1
232,2,1
236,2,1
237,2,1
240,2,1
242,2,1
243,2,1
244,2,1
246,2,1
247,2,1
253,2,1
254,2,1
256,2,1
257,2,1
258,2,1
259,2,1
260,2,1
261,2,1
262,2,1
263,2,1
265,2,1
268,2,1
269,2,1
271,2,1
274,2,1
275,2,1
276,2,1
281,2,1
282,2,1
283,2,1
284,2,1
285,2,1
286,2,1
287,2,1
289,2,1
291,2,1
292,2,1
294,2,1
295,2,1
297,2,1
298,2,1
300,2,1
302,2,1
303,2,1
304,2,1
305,2,1
307,2,1
309,2,1
314,2,1
318,2,1
320,2,1
321,2,1
323,2,1
324,2,1
325,2,1
327,2,1
328,2,1
331,2,1
334,2,1
335,2,1
336,2,1
338,2,1
342,2,1
343,2,1
349,2,1
350,2,1
354,2,1
356,2,1
358,2,1
364,2,1
365,2,1
366,2,1
367,2,1
370,2,1
371,2,1
373,2,1
374,2,1
377,2,1
378,2,1
381,2,1
385,2,1
386,2,1
389,2,1
390,2,1
392,2,1
393,2,1
394,2,1
396,2,1
399,2,1
400,2,1
401,2,1
402,2,1
403,2,1
404,2,1
406,2,1
409,2,1
410,2,1
411,2,1
413,2,1
414,2,1
415,2,1
416,2,1
418,2,1
421,2,1
422,2,1
424,2,1
426,2,1
427,2,1
428,2,1
430,2,1
431,2,1
433,2,1
435,2,1
436,2,1
438,2,1
439,2,1
442,2,1
444,2,1
445,2,1
446,2,1
448,2,1
450,2,1
451,2,1
452,2,1
453,2,1
455,2,1
456,2,1
457,2,1
458,2,1
460,2,1
461,2,1
462,2,1
463,2,1
464,2,1
465,2,1
466,2,1
468,2,1
469,2,1
470,2,1
471,2,1
472,2,1
473,2,1
474,2,1
475,2,1
477,2,1
479,2,1
480,2,1
481,2,1
482,2,1
485,2,1
486,2,1
488,2,1
489,2,1
490,2,1
491,2,1
492,2,1
493,2,1
494,2,1
496,2,1
498,2,1
499,2,1
500,2,1
501,2,1
502,2,1
503,2,1
504,2,1
506,2,1
507,2,1
508,2,1
509,2,1
511,2,1
513,2,1
514,2,1
515,2,1
516,2,1
522,2,1
523,2,1
524,2,1
525,2,1
528,2,1
529,2,1
530,2,1
536,2,1
537,2,1
539,2,1
540,2,1
542,2,1
546,2,1
549,2,1
550,2,1
551,2,1
552,2,1
553,2,1
554,2,1
555,2,1
556,2,1
557,2,1
558,2,1
561,2,1
562,2,1
563,2,1
565,2,1
566,2,1
567,2,1
568,2,1
569,2,1
570,2,1
572,2,1
574,2,1
575,2,1
577,2,1
578,2,1
579,2,1
580,2,1
581,2,1
582,2,1
583,2,1
587,2,1
588,2,1
589,2,1
590,2,1
592,2,1
594,2,1
598,2,1
599,2,1
1,3,1
2,3,1
5,3,1
8,3,1
9,3,1
11,3,1
16,3,1
20,3,1
21,3,1
25,3,1
26,3,1
28,3,1
34,3,1
35,3,1
38,3,1
39,3,1
40,3,1
41,3,1
42,3,1
43,3,1
44,3,1
45,3,1
47,3,1
50,3,1
52,3,1
54,3,1
55,3,1
56,3,1
59,3,1
62,3,1
64,3,1
65,3,1
67,3,1
68,3,1
72,3,1
73,3,1
75,3,1
77,3,1
78,3,1
79,3,1
81,3,1
82,3,1
83,3,1
84,3,1
86,3,1
87,3,1
88,3,1
92,3,1
93,3,1
94,3,1
95,3,1
97,3,1
98,3,1
101,3,1
103,3,1
105,3,1
106,3,1
107,3,1
108,3,1
109,3,1
110,3,1
111,3,1
112,3,1
116,3,1
117,3,1
121,3,1
124,3,1
126,3,1
127,3,1
128,3,1
130,3,1
134,3,1
137,3,1
138,3,1
140,3,1
143,3,1
150,3,1
151,3,1
155,3,1
158,3,1
159,3,1
163,3,1
166,3,1
167,3,1
168,3,1
169,3,1
171,3,1
172,3,1
173,3,1
175,3,1
182,3,1
185,3,1
187,3,1
196,3,1
197,3,1
198,3,1
199,3,1
200,3,1
201,3,1
202,3,1
203,3,1
204,3,1
206,3,1
210,3,1
219,3,1
220,3,1
222,3,1
223,3,1
224,3,1
225,3,1
230,3,1
232,3,1
233,3,1
234,3,1
235,3,1
236,3,1
237,3,1
240,3,1
241,3,1
244,3,1
246,3,1
247,3,1
249,3,1
250,3,1
252,3,1
253,3,1
255,3,1
256,3,1
258,3,1
262,3,1
267,3,1
271,3,1
272,3,1
273,3,1
277,3,1
278,3,1
279,3,1
280,3,1
282,3,1
287,3,1
289,3,1
290,3,1
291,3,1
294,3,1
297,3,1
300,3,1
303,3,1
304,3,1
305,3,1
306,3,1
308,3,1
309,3,1
313,3,1
314,3,1
316,3,1
317,3,1
319,3,1
324,3,1
327,3,1
331,3,1
332,3,1
334,3,1
337,3,1
338,3,1
339,3,1
341,3,1
343,3,1
344,3,1
345,3,1
347,3,1
348,3,1
349,3,1
351,3,1
352,3,1
353,3,1
355,3,1
359,3,1
361,3,1
364,3,1
366,3,1
367,3,1
368,3,1
370,3,1
372,3,1
375,3,1
376,3,1
379,3,1
380,3,1
382,3,1
383,3,1
384,3,1
387,3,1
388,3,1
391,3,1
393,3,1
395,3,1
396,3,1
398,3,1
409,3,1
413,3,1
414,3,1
415,3,1
416,3,1
419,3,1
421,3,1
424,3,1
425,3,1
426,3,1
428,3,1
430,3,1
432,3,1
433,3,1
434,3,1
437,3,1
438,3,1
439,3,1
442,3,1
443,3,1
445,3,1
448,3,1
456,3,1
458,3,1
459,3,1
465,3,1
474,3,1
478,3,1
481,3,1
483,3,1
484,3,1
489,3,1
490,3,1
492,3,1
497,3,1
503,3,1
505,3,1
506,3,1
507,3,1
508,3,1
509,3,1
511,3,1
512,3,1
513,3,1
516,3,1
518,3,1
520,3,1
525,3,1
526,3,1
528,3,1
533,3,1
535,3,1
537,3,1
538,3,1
539,3,1
541,3,1
544,3,1
545,3,1
547,3,1
549,3,1
551,3,1
552,3,1
553,3,1
554,3,1
555,3,1
556,3,1
558,3,1
560,3,1
561,3,1
562,3,1
563,3,1
565,3,1
569,3,1
570,3,1
571,3,1
572,3,1
573,3,1
574,3,1
575,3,1
576,3,1
577,3,1
584,3,1
588,3,1
589,3,1
590,3,1
592,3,1
595,3,1
596,3,1
597,3,1
1,4,1
4,4,1
10,4,1
11,4,1
12,4,1
17,4,1
24,4,1
30,4,1
31,4,1
32,4,1
37,4,1
38,4,1
39,4,1
41,4,1
43,4,1
44,4,1
48,4,1
50,4,1
51,4,1
54,4,1
55,4,1
62,4,1
64,4,1
72,4,1
73,4,1
77,4,1
81,4,1
83,4,1
84,4,1
85,4,1
88,4,1
91,4,1
103,4,1
111,4,1
115,4,1
122,4,1
123,4,1
128,4,1
134,4,1
135,4,1
139,4,1
140,4,1
142,4,1
150,4,1
153,4,1
154,4,1
161,4,1
164,4,1
165,4,1
167,4,1
170,4,1
172,4,1
176,4,1
180,4,1
183,4,1
185,4,1
186,4,1
191,4,1
192,4,1
194,4,1
196,4,1
197,4,1
199,4,1
200,4,1
201,4,1
204,4,1
205,4,1
208,4,1
213,4,1
214,4,1
215,4,1
216,4,1
220,4,1
221,4,1
224,4,1
230,4,1
231,4,1
233,4,1
234,4,1
238,4,1
240,4,1
250,4,1
251,4,1
253,4,1
255,4,1
256,4,1
258,4,1
259,4,1
266,4,1
270,4,1
271,4,1
272,4,1
273,4,1
275,4,1
276,4,1
278,4,1
284,4,1
291,4,1
293,4,1
297,4,1
299,4,1
300,4,1
301,4,1
307,4,1
310,4,1
313,4,1
314,4,1
315,4,1
319,4,1
325,4,1
326,4,1
332,4,1
333,4,1
336,4,1
342,4,1
344,4,1
346,4,1
347,4,1
355,4,1
356,4,1
357,4,1
363,4,1
364,4,1
370,4,1
381,4,1
382,4,1
383,4,1
385,4,1
391,4,1
393,4,1
398,4,1
402,4,1
404,4,1
406,4,1
410,4,1
411,4,1
413,4,1
417,4,1
418,4,1
421,4,1
422,4,1
423,4,1
424,4,1
432,4,1
439,4,1
447,4,1
448,4,1
451,4,1
455,4,1
458,4,1
461,4,1
463,4,1
464,4,1
469,4,1
470,4,1
472,4,1
475,4,1
487,4,1
488,4,1
489,4,1
493,4,1
504,4,1
505,4,1
512,4,1
514,4,1
515,4,1
522,4,1
523,4,1
524,4,1
525,4,1
529,4,1
533,4,1
535,4,1
537,4,1
538,4,1
539,4,1
545,4,1
548,4,1
552,4,1
553,4,1
556,4,1
558,4,1
560,4,1
563,4,1
568,4,1
569,4,1
571,4,1
575,4,1
576,4,1
577,4,1
584,4,1
585,4,1
588,4,1
596,4,1
2,5,1
5,5,1
7,5,1
9,5,1
10,5,1
11,5,1
12,5,1
13,5,1
14,5,1
16,5,1
17,5,1
18,5,1
21,5,1
24,5,1
25,5,1
29,5,1
32,5,1
36,5,1
37,5,1
38,5,1
40,5,1
41,5,1
42,5,1
43,5,1
44,5,1
45,5,1
46,5,1
49,5,1
51,5,1
53,5,1
54,5,1
55,5,1
56,5,1
57,5,1
58,5,1
59,5,1
60,5,1
61,5,1
62,5,1
63,5,1
64,5,1
66,5,1
69,5,1
70,5,1
72,5,1
74,5,1
75,5,1
78,5,1
80,5,1
81,5,1
82,5,1
83,5,1
85,5,1
87,5,1
88,5,1
89,5,1
90,5,1
97,5,1
98,5,1
99,5,1
102,5,1
103,5,1
105,5,1
106,5,1
108,5,1
110,5,1
111,5,1
112,5,1
113,5,1
114,5,1
116,5,1
117,5,1
118,5,1
122,5,1
123,5,1
124,5,1
127,5,1
130,5,1
131,5,1
133,5,1
135,5,1
137,5,1
138,5,1
139,5,1
143,5,1
144,5,1
146,5,1
147,5,1
149,5,1
150,5,1
152,5,1
153,5,1
154,5,1
158,5,1
159,5,1
161,5,1
163,5,1
165,5,1
166,5,1
167,5,1
170,5,1
172,5,1
173,5,1
175,5,1
176,5,1
177,5,1
178,5,1
181,5,1
182,5,1
183,5,1
184,5,1
185,5,1
186,5,1
187,5,1
189,5,1
193,5,1
195,5,1
196,5,1
199,5,1
201,5,1
202,5,1
203,5,1
204,5,1
205,5,1
206,5,1
207,5,1
208,5,1
209,5,1
214,5,1
215,5,1
217,5,1
218,5,1
219,5,1
221,5,1
222,5,1
223,5,1
224,5,1
225,5,1
226,5,1
227,5,1
229,5,1
231,5,1
233,5,1
234,5,1
236,5,1
237,5,1
238,5,1
241,5,1
242,5,1
243,5,1
245,5,1
247,5,1
248,5,1
249,5,1
252,5,1
258,5,1
259,5,1
260,5,1
261,5,1
262,5,1
263,5,1
265,5,1
269,5,1
272,5,1
273,5,1
274,5,1
275,5,1
276,5,1
277,5,1
278,5,1
279,5,1
282,5,1
283,5,1
285,5,1
287,5,1
288,5,1
289,5,1
291,5,1
292,5,1
295,5,1
296,5,1
297,5,1
298,5,1
299,5,1
301,5,1
302,5,1
303,5,1
304,5,1
305,5,1
306,5,1
307,5,1
308,5,1
309,5,1
310,5,1
313,5,1
315,5,1
316,5,1
318,5,1
319,5,1
321,5,1
322,5,1
323,5,1
324,5,1
325,5,1
327,5,1
329,5,1
331,5,1
332,5,1
333,5,1
334,5,1
337,5,1
339,5,1
342,5,1
345,5,1
347,5,1
352,5,1
354,5,1
355,5,1
356,5,1
358,5,1
361,5,1
362,5,1
364,5,1
365,5,1
366,5,1
367,5,1
369,5,1
370,5,1
372,5,1
373,5,1
374,5,1
376,5,1
377,5,1
378,5,1
381,5,1
382,5,1
383,5,1
386,5,1
391,5,1
394,5,1
395,5,1
396,5,1
397,5,1
399,5,1
401,5,1
403,5,1
404,5,1
407,5,1
410,5,1
413,5,1
414,5,1
415,5,1
416,5,1
418,5,1
419,5,1
422,5,1
423,5,1
424,5,1
425,5,1
428,5,1
429,5,1
430,5,1
431,5,1
435,5,1
436,5,1
438,5,1
442,5,1
443,5,1
444,5,1
445,5,1
446,5,1
449,5,1
450,5,1
452,5,1
454,5,1
455,5,1
458,5,1
459,5,1
460,5,1
461,5,1
462,5,1
463,5,1
464,5,1
465,5,1
466,5,1
468,5,1
469,5,1
471,5,1
475,5,1
476,5,1
477,5,1
478,5,1
479,5,1
481,5,1
482,5,1
483,5,1
485,5,1
486,5,1
488,5,1
489,5,1
491,5,1
492,5,1
495,5,1
496,5,1
497,5,1
498,5,1
500,5,1
503,5,1
505,5,1
507,5,1
508,5,1
509,5,1
510,5,1
512,5,1
514,5,1
515,5,1
516,5,1
517,5,1
520,5,1
521,5,1
523,5,1
526,5,1
528,5,1
529,5,1
531,5,1
532,5,1
533,5,1
534,5,1
535,5,1
536,5,1
537,5,1
538,5,1
539,5,1
540,5,1
542,5,1
545,5,1
548,5,1
550,5,1
552,5,1
553,5,1
554,5,1
556,5,1
557,5,1
560,5,1
561,5,1
562,5,1
564,5,1
565,5,1
569,5,1
570,5,1
574,5,1
577,5,1
578,5,1
580,5,1
581,5,1
583,5,1
584,5,1
586,5,1
587,5,1
591,5,1
592,5,1
594,5,1
595,5,1
596,5,1
598,5,1
0,6,1
1,6,1
2,6,1
3,6,1
4,6,1
5,6,1
6,6,1
7,6,1
8,6,1
9,6,1
10,6,1
11,6,1
12,6,1
13,6,1
14,6,1
17,6,1
18,6,1
20,6,1
21,6,1
22,6,1
24,6,1
25,6,1
26,6,1
27,6,1
28,6,1
29,6,1
30,6,1
31,6,1
32,6,1
34,6,1
35,6,1
36,6,1
37,6,1
39,6,1
40,6,1
42,6,1
43,6,1
45,6,1
46,6,1
47,6,1
48,6,1
49,6,1
50,6,1
51,6,1
52,6,1
53,6,1
54,6,1
56,6,1
57,6,1
58,6,1
59,6,1
60,6,1
61,6,1
62,6,1
63,6,1
64,6,1
65,6,1
66,6,1
68,6,1
69,6,1
70,6,1
71,6,1
72,6,1
73,6,1
74,6,1
75,6,1
77,6,1
78,6,1
79,6,1
80,6,1
81,6,1
82,6,1
83,6,1
86,6,1
87,6,1
89,6,1
90,6,1
91,6,1
92,6,1
93,6,1
95,6,1
96,6,1
98,6,1
100,6,1
101,6,1
103,6,1
104,6,1
106,6,1
110,6,1
111,6,1
112,6,1
113,6,1
114,6,1
115,6,1
116,6,1
117,6,1
118,6,1
119,6,1
121,6,1
122,6,1
123,6,1
124,6,1
125,6,1
126,6,1
127,6,1
129,6,1
132,6,1
135,6,1
136,6,1
137,6,1
138,6,1
139,6,1
140,6,1
143,6,1
144,6,1
145,6,1
146,6,1
147,6,1
148,6,1
149,6,1
150,6,1
151,6,1
152,6,1
154,6,1
155,6,1
156,6,1
157,6,1
158,6,1
160,6,1
161,6,1
163,6,1
164,6,1
166,6,1
167,6,1
168,6,1
169,6,1
171,6,1
172,6,1
173,6,1
174,6,1
175,6,1
176,6,1
177,6,1
178,6,1
179,6,1
180,6,1
182,6,1
184,6,1
185,6,1
186,6,1
187,6,1
189,6,1
190,6,1
191,6,1
192,6,1
193,6,1
195,6,1
196,6,1
197,6,1
198,6,1
199,6,1
201,6,1
202,6,1
204,6,1
205,6,1
206,6,1
208,6,1
209,6,1
211,6,1
212,6,1
213,6,1
215,6,1
216,6,1
217,6,1
218,6,1
219,6,1
220,6,1
221,6,1
222,6,1
223,6,1
224,6,1
225,6,1
226,6,1
227,6,1
229,6,1
231,6,1
233,6,1
234,6,1
235,6,1
236,6,1
237,6,1
238,6,1
239,6,1
240,6,1
241,6,1
242,6,1
243,6,1
244,6,1
246,6,1
247,6,1
248,6,1
249,6,1
250,6,1
251,6,1
252,6,1
253,6,1
254,6,1
255,6,1
256,6,1
258,6,1
259,6,1
260,6,1
261,6,1
262,6,1
263,6,1
264,6,1
265,6,1
266,6,1
267,6,1
268,6,1
269,6,1
270,6,1
271,6,1
273,6,1
274,6,1
276,6,1
277,6,1
278,6,1
279,6,1
280,6,1
281,6,1
282,6,1
283,6,1
285,6,1
286,6,1
287,6,1
289,6,1
290,6,1
291,6,1
292,6,1
293,6,1
294,6,1
295,6,1
296,6,1
297,6,1
298,6,1
299,6,1
301,6,1
302,6,1
304,6,1
305,6,1
306,6,1
308,6,1
309,6,1
310,6,1
311,6,1
312,6,1
313,6,1
314,6,1
315,6,1
316,6,1
317,6,1
318,6,1
319,6,1
320,6,1
321,6,1
322,6,1
324,6,1
325,6,1
326,6,1
327,6,1
328,6,1
329,6,1
330,6,1
331,6,1
333,6,1
334,6,1
337,6,1
338,6,1
339,6,1
340,6,1
341,6,1
342,6,1
343,6,1
344,6,1
345,6,1
346,6,1
349,6,1
350,6,1
351,6,1
352,6,1
353,6,1
355,6,1
356,6,1
357,6,1
358,6,1
361,6,1
362,6,1
363,6,1
365,6,1
366,6,1
367,6,1
368,6,1
369,6,1
370,6,1
371,6,1
372,6,1
374,6,1
375,6,1
376,6,1
377,6,1
379,6,1
380,6,1
381,6,1
382,6,1
383,6,1
385,6,1
387,6,1
388,6,1
390,6,1
391,6,1
393,6,1
394,6,1
395,6,1
396,6,1
397,6,1
398,6,1
401,6,1
402,6,1
403,6,1
404,6,1
405,6,1
407,6,1
408,6,1
409,6,1
410,6,1
411,6,1
412,6,1
414,6,1
415,6,1
416,6,1
417,6,1
418,6,1
419,6,1
421,6,1
422,6,1
423,6,1
424,6,1
425,6,1
426,6,1
427,6,1
428,6,1
430,6,1
431,6,1
432,6,1
433,6,1
434,6,1
435,6,1
436,6,1
437,6,1
438,6,1
439,6,1
441,6,1
442,6,1
443,6,1
444,6,1
445,6,1
446,6,1
447,6,1
448,6,1
449,6,1
450,6,1
451,6,1
453,6,1
456,6,1
457,6,1
458,6,1
459,6,1
461,6,1
462,6,1
463,6,1
464,6,1
465,6,1
467,6,1
468,6,1
469,6,1
470,6,1
471,6,1
473,6,1
475,6,1
476,6,1
477,6,1
478,6,1
479,6,1
481,6,1
482,6,1
483,6,1
484,6,1
485,6,1
487,6,1
488,6,1
489,6,1
492,6,1
493,6,1
494,6,1
495,6,1
496,6,1
497,6,1
498,6,1
499,6,1
500,6,1
502,6,1
504,6,1
506,6,1
507,6,1
509,6,1
510,6,1
511,6,1
512,6,1
513,6,1
515,6,1
516,6,1
518,6,1
519,6,1
520,6,1
522,6,1
523,6,1
524,6,1
525,6,1
526,6,1
527,6,1
528,6,1
529,6,1
530,6,1
531,6,1
532,6,1
533,6,1
534,6,1
535,6,1
536,6,1
539,6,1
541,6,1
543,6,1
546,6,1
547,6,1
548,6,1
549,6,1
550,6,1
551,6,1
552,6,1
553,6,1
555,6,1
557,6,1
558,6,1
559,6,1
560,6,1
561,6,1
562,6,1
563,6,1
564,6,1
566,6,1
568,6,1
569,6,1
570,6,1
571,6,1
572,6,1
573,6,1
574,6,1
575,6,1
576,6,1
577,6,1
578,6,1
579,6,1
581,6,1
582,6,1
583,6,1
584,6,1
585,6,1
586,6,1
588,6,1
589,6,1
590,6,1
591,6,1
592,6,1
593,6,1
594,6,1
596,6,1
597,6,1
599,6,1
1,7,1
2,7,1
3,7,1
5,7,1
7,7,1
9,7,1
10,7,1
11,7,1
12,7,1
13,7,1
14,7,1
16,7,1
19,7,1
21,7,1
22,7,1
23,7,1
26,7,1
27,7,1
28,7,1
30,7,1
31,7,1
32,7,1
33,7,1
35,7,1
36,7,1
37,7,1
38,7,1
39,7,1
40,7,1
41,7,1
42,7,1
43,7,1
45,7,1
47,7,1
48,7,1
50,7,1
53,7,1
54,7,1
55,7,1
56,7,1
57,7,1
61,7,1
63,7,1
64,7,1
66,7,1
67,7,1
68,7,1
71,7,1
73,7,1
75,7,1
78,7,1
79,7,1
83,7,1
84,7,1
85,7,1
89,7,1
90,7,1
91,7,1
92,7,1
93,7,1
94,7,1
95,7,1
96,7,1
98,7,1
99,7,1
100,7,1
101,7,1
102,7,1
104,7,1
106,7,1
108,7,1
109,7,1
110,7,1
112,7,1
113,7,1
114,7,1
115,7,1
116,7,1
117,7,1
119,7,1
120,7,1
123,7,1
126,7,1
127,7,1
130,7,1
133,7,1
136,7,1
137,7,1
138,7,1
139,7,1
140,7,1
141,7,1
143,7,1
146,7,1
148,7,1
150,7,1
151,7,1
152,7,1
154,7,1
157,7,1
159,7,1
162,7,1
167,7,1
169,7,1
172,7,1
176,7,1
177,7,1
179,7,1
181,7,1
184,7,1
187,7,1
188,7,1
190,7,1
193,7,1
194,7,1
196,7,1
197,7,1
200,7,1
203,7,1
204,7,1
205,7,1
212,7,1
213,7,1
215,7,1
218,7,1
219,7,1
221,7,1
223,7,1
224,7,1
230,7,1
231,7,1
234,7,1
237,7,1
238,7,1
242,7,1
244,7,1
245,7,1
246,7,1
248,7,1
252,7,1
253,7,1
259,7,1
260,7,1
261,7,1
264,7,1
267,7,1
269,7,1
271,7,1
272,7,1
274,7,1
276,7,1
277,7,1
278,7,1
280,7,1
281,7,1
282,7,1
283,7,1
286,7,1
287,7,1
292,7,1
293,7,1
294,7,1
295,7,1
296,7,1
298,7,1
299,7,1
300,7,1
301,7,1
302,7,1
304,7,1
305,7,1
306,7,1
307,7,1
309,7,1
311,7,1
316,7,1
317,7,1
318,7,1
323,7,1
324,7,1
325,7,1
327,7,1
328,7,1
330,7,1
331,7,1
332,7,1
333,7,1
334,7,1
335,7,1
336,7,1
337,7,1
338,7,1
340,7,1
341,7,1
342,7,1
343,7,1
344,7,1
345,7,1
346,7,1
347,7,1
350,7,1
351,7,1
352,7,1
353,7,1
354,7,1
361,7,1
362,7,1
363,7,1
364,7,1
366,7,1
367,7,1
368,7,1
369,7,1
370,7,1
374,7,1
375,7,1
376,7,1
378,7,1
379,7,1
381,7,1
383,7,1
384,7,1
386,7,1
388,7,1
390,7,1
392,7,1
393,7,1
394,7,1
395,7,1
396,7,1
397,7,1
398,7,1
400,7,1
403,7,1
404,7,1
408,7,1
409,7,1
411,7,1
412,7,1
413,7,1
414,7,1
415,7,1
416,7,1
418,7,1
419,7,1
421,7,1
423,7,1
429,7,1
430,7,1
431,7,1
432,7,1
433,7,1
435,7,1
439,7,1
442,7,1
444,7,1
446,7,1
448,7,1
450,7,1
451,7,1
454,7,1
456,7,1
457,7,1
458,7,1
460,7,1
462,7,1
464,7,1
465,7,1
466,7,1
467,7,1
468,7,1
469,7,1
471,7,1
472,7,1
473,7,1
474,7,1
475,7,1
476,7,1
478,7,1
482,7,1
483,7,1
486,7,1
487,7,1
488,7,1
489,7,1
490,7,1
493,7,1
494,7,1
496,7,1
499,7,1
501,7,1
504,7,1
505,7,1
506,7,1
507,7,1
510,7,1
516,7,1
520,7,1
522,7,1
523,7,1
525,7,1
527,7,1
529,7,1
531,7,1
532,7,1
533,7,1
534,7,1
535,7,1
537,7,1
538,7,1
539,7,1
541,7,1
542,7,1
545,7,1
547,7,1
548,7,1
549,7,1
551,7,1
554,7,1
555,7,1
556,7,1
557,7,1
558,7,1
560,7,1
561,7,1
562,7,1
567,7,1
568,7,1
570,7,1
573,7,1
574,7,1
576,7,1
577,7,1
581,7,1
582,7,1
583,7,1
584,7,1
585,7,1
586,7,1
587,7,1
588,7,1
589,7,1
591,7,1
593,7,1
594,7,1
595,7,1
596,7,1
597,7,1
598,7,1
599,7,1
0,8,1
1,8,1
7,8,1
11,8,1
16,8,1
20,8,1
27,8,1
29,8,1
31,8,1
32,8,1
34,8,1
38,8,1
45,8,1
48,8,1
51,8,1
54,8,1
55,8,1
59,8,1
61,8,1
62,8,1
64,8,1
67,8,1
68,8,1
72,8,1
73,8,1
75,8,1
80,8,1
81,8,1
83,8,1
84,8,1
85,8,1
90,8,1
93,8,1
94,8,1
95,8,1
96,8,1
98,8,1
99,8,1
101,8,1
102,8,1
106,8,1
110,8,1
113,8,1
117,8,1
120,8,1
122,8,1
123,8,1
125,8,1
131,8,1
132,8,1
137,8,1
138,8,1
142,8,1
144,8,1
145,8,1
147,8,1
148,8,1
150,8,1
152,8,1
153,8,1
154,8,1
157,8,1
159,8,1
164,8,1
167,8,1
171,8,1
172,8,1
173,8,1
178,8,1
179,8,1
180,8,1
186,8,1
191,8,1
192,8,1
193,8,1
195,8,1
197,8,1
199,8,1
201,8,1
209,8,1
212,8,1
219,8,1
220,8,1
221,8,1
222,8,1
228,8,1
231,8,1
232,8,1
233,8,1
234,8,1
236,8,1
239,8,1
241,8,1
243,8,1
244,8,1
245,8,1
247,8,1
248,8,1
249,8,1
250,8,1
251,8,1
253,8,1
256,8,1
259,8,1
262,8,1
266,8,1
267,8,1
270,8,1
271,8,1
276,8,1
277,8,1
278,8,1
282,8,1
292,8,1
293,8,1
298,8,1
299,8,1
302,8,1
305,8,1
308,8,1
309,8,1
310,8,1
311,8,1
312,8,1
313,8,1
314,8,1
318,8,1
320,8,1
324,8,1
325,8,1
327,8,1
328,8,1
330,8,1
331,8,1
332,8,1
333,8,1
334,8,1
337,8,1
340,8,1
344,8,1
345,8,1
348,8,1
349,8,1
350,8,1
351,8,1
352,8,1
353,8,1
356,8,1
362,8,1
368,8,1
369,8,1
371,8,1
372,8,1
374,8,1
381,8,1
387,8,1
391,8,1
392,8,1
395,8,1
396,8,1
399,8,1
400,8,1
403,8,1
404,8,1
405,8,1
416,8,1
418,8,1
419,8,1
424,8,1
425,8,1
427,8,1
428,8,1
431,8,1
433,8,1
439,8,1
441,8,1
442,8,1
443,8,1
446,8,1
450,8,1
453,8,1
454,8,1
455,8,1
456,8,1
457,8,1
461,8,1
462,8,1
464,8,1
465,8,1
466,8,1
467,8,1
470,8,1
471,8,1
472,8,1
474,8,1
475,8,1
478,8,1
483,8,1
489,8,1
490,8,1
491,8,1
493,8,1
496,8,1
497,8,1
506,8,1
508,8,1
510,8,1
515,8,1
518,8,1
519,8,1
520,8,1
523,8,1
524,8,1
528,8,1
530,8,1
531,8,1
535,8,1
536,8,1
541,8,1
545,8,1
551,8,1
553,8,1
558,8,1
560,8,1
564,8,1
566,8,1
571,8,1
573,8,1
575,8,1
577,8,1
578,8,1
583,8,1
585,8,1
587,8,1
588,8,1
593,8,1
595,8,1
596,8,1
597,8,1
0,9,1
1,9,1
2,9,1
3,9,1
4,9,1
5,9,1
6,9,1
7,9,1
9,9,1
10,9,1
11,9,1
12,9,1
14,9,1
17,9,1
18,9,1
21,9,1
22,9,1
24,9,1
26,9,1
28,9,1
29,9,1
31,9,1
32,9,1
34,9,1
35,9,1
36,9,1
39,9,1
40,9,1
43,9,1
45,9,1
46,9,1
47,9,1
48,9,1
49,9,1
52,9,1
57,9,1
58,9,1
59,9,1
61,9,1
62,9,1
63,9,1
65,9,1
66,9,1
67,9,1
70,9,1
72,9,1
73,9,1
74,9,1
77,9,1
78,9,1
79,9,1
82,9,1
83,9,1
84,9,1
85,9,1
86,9,1
87,9,1
88,9,1
90,9,1
91,9,1
96,9,1
98,9,1
100,9,1
101,9,1
102,9,1
104,9,1
105,9,1
106,9,1
109,9,1
110,9,1
112,9,1
113,9,1
114,9,1
115,9,1
116,9,1
119,9,1
120,9,1
122,9,1
123,9,1
124,9,1
126,9,1
127,9,1
128,9,1
129,9,1
130,9,1
133,9,1
135,9,1
136,9,1
137,9,1
138,9,1
140,9,1
141,9,1
142,9,1
144,9,1
146,9,1
147,9,1
149,9,1
152,9,1
154,9,1
155,9,1
158,9,1
159,9,1
160,9,1
161,9,1
165,9,1
166,9,1
168,9,1
171,9,1
172,9,1
173,9,1
176,9,1
178,9,1
180,9,1
182,9,1
183,9,1
184,9,1
187,9,1
189,9,1
190,9,1
191,9,1
192,9,1
194,9,1
197,9,1
198,9,1
200,9,1
201,9,1
202,9,1
204,9,1
206,9,1
208,9,1
209,9,1
212,9,1
213,9,1
214,9,1
215,9,1
216,9,1
217,9,1
219,9,1
222,9,1
225,9,1
226,9,1
227,9,1
228,9,1
231,9,1
232,9,1
233,9,1
234,9,1
237,9,1
239,9,1
241,9,1
242,9,1
244,9,1
247,9,1
250,9,1
252,9,1
253,9,1
254,9,1
255,9,1
256,9,1
257,9,1
260,9,1
265,9,1
266,9,1
267,9,1
268,9,1
271,9,1
272,9,1
273,9,1
274,9,1
276,9,1
278,9,1
280,9,1
283,9,1
285,9,1
286,9,1
287,9,1
290,9,1
291,9,1
293,9,1
296,9,1
297,9,1
298,9,1
299,9,1
301,9,1
302,9,1
303,9,1
304,9,1
305,9,1
306,9,1
307,9,1
309,9,1
310,9,1
312,9,1
313,9,1
316,9,1
317,9,1
318,9,1
319,9,1
321,9,1
322,9,1
323,9,1
324,9,1
326,9,1
327,9,1
331,9,1
332,9,1
333,9,1
334,9,1
335,9,1
337,9,1
338,9,1
340,9,1
341,9,1
344,9,1
345,9,1
349,9,1
352,9,1
353,9,1
355,9,1
356,9,1
358,9,1
360,9,1
361,9,1
362,9,1
365,9,1
366,9,1
367,9,1
368,9,1
373,9,1
374,9,1
375,9,1
377,9,1
379,9,1
380,9,1
381,9,1
382,9,1
383,9,1
384,9,1
385,9,1
386,9,1
391,9,1
392,9,1
394,9,1
396,9,1
398,9,1
400,9,1
402,9,1
409,9,1
410,9,1
412,9,1
414,9,1
416,9,1
419,9,1
420,9,1
423,9,1
424,9,1
425,9,1
429,9,1
430,9,1
431,9,1
433,9,1
436,9,1
438,9,1
440,9,1
441,9,1
444,9,1
445,9,1
446,9,1
448,9,1
449,9,1
450,9,1
451,9,1
453,9,1
454,9,1
456,9,1
457,9,1
458,9,1
461,9,1
465,9,1
466,9,1
468,9,1
470,9,1
472,9,1
474,9,1
475,9,1
476,9,1
477,9,1
480,9,1
481,9,1
484,9,1
485,9,1
486,9,1
487,9,1
488,9,1
490,9,1
491,9,1
492,9,1
493,9,1
496,9,1
497,9,1
498,9,1
499,9,1
500,9,1
502,9,1
504,9,1
506,9,1
508,9,1
509,9,1
511,9,1
513,9,1
515,9,1
517,9,1
519,9,1
520,9,1
521,9,1
524,9,1
525,9,1
526,9,1
527,9,1
529,9,1
530,9,1
531,9,1
532,9,1
536,9,1
537,9,1
538,9,1
540,9,1
541,9,1
544,9,1
545,9,1
546,9,1
549,9,1
550,9,1
553,9,1
554,9,1
555,9,1
556,9,1
557,9,1
558,9,1
560,9,1
564,9,1
565,9,1
566,9,1
567,9,1
568,9,1
569,9,1
570,9,1
571,9,1
572,9,1
574,9,1
576,9,1
577,9,1
578,9,1
580,9,1
581,9,1
582,9,1
584,9,1
586,9,1
589,9,1
590,9,1
591,9,1
592,9,1
593,9,1
594,9,1
597,9,1
599,9,1
0,10,1
1,10,1
3,10,1
5,10,1
8,10,1
9,10,1
10,10,1
11,10,1
12,10,1
13,10,1
16,10,1
17,10,1
19,10,1
20,10,1
21,10,1
23,10,1
24,10,1
25,10,1
26,10,1
27,10,1
28,10,1
29,10,1
30,10,1
31,10,1
32,10,1
33,10,1
34,10,1
35,10,1
36,10,1
38,10,1
39,10,1
40,10,1
41,10,1
42,10,1
43,10,1
44,10,1
45,10,1
48,10,1
49,10,1
50,10,1
51,10,1
52,10,1
54,10,1
55,10,1
56,10,1
57,10,1
58,10,1
59,10,1
60,10,1
61,10,1
62,10,1
63,10,1
64,10,1
65,10,1
66,10,1
67,10,1
68,10,1
69,10,1
70,10,1
71,10,1
72,10,1
73,10,1
74,10,1
75,10,1
76,10,1
77,10,1
78,10,1
80,10,1
81,10,1
82,10,1
83,10,1
84,10,1
86,10,1
87,10,1
88,10,1
89,10,1
91,10,1
94,10,1
96,10,1
98,10,1
99,10,1
101,10,1
103,10,1
104,10,1
106,10,1
108,10,1
109,10,1
110,10,1
111,10,1
112,10,1
113,10,1
114,10,1
115,10,1
116,10,1
117,10,1
118,10,1
119,10,1
120,10,1
121,10,1
122,10,1
123,10,1
124,10,1
125,10,1
126,10,1
127,10,1
128,10,1
129,10,1
130,10,1
132,10,1
133,10,1
136,10,1
137,10,1
139,10,1
140,10,1
141,10,1
143,10,1
145,10,1
146,10,1
148,10,1
149,10,1
152,10,1
153,10,1
155,10,1
157,10,1
159,10,1
160,10,1
161,10,1
162,10,1
163,10,1
164,10,1
165,10,1
166,10,1
169,10,1
170,10,1
171,10,1
172,10,1
173,10,1
174,10,1
175,10,1
178,10,1
179,10,1
181,10,1
182,10,1
183,10,1
184,10,1
186,10,1
188,10,1
189,10,1
190,10,1
192,10,1
193,10,1
194,10,1
195,10,1
197,10,1
198,10,1
200,10,1
201,10,1
202,10,1
203,10,1
205,10,1
207,10,1
208,10,1
209,10,1
211,10,1
213,10,1
214,10,1
215,10,1
216,10,1
217,10,1
218,10,1
219,10,1
220,10,1
221,10,1
222,10,1
224,10,1
225,10,1
226,10,1
227,10,1
228,10,1
229,10,1
230,10,1
231,10,1
232,10,1
234,10,1
235,10,1
236,10,1
237,10,1
238,10,1
239,10,1
240,10,1
241,10,1
242,10,1
246,10,1
248,10,1
250,10,1
251,10,1
252,10,1
253,10,1
254,10,1
255,10,1
256,10,1
257,10,1
258,10,1
260,10,1
261,10,1
262,10,1
264,10,1
265,10,1
266,10,1
267,10,1
270,10,1
272,10,1
273,10,1
274,10,1
275,10,1
276,10,1
277,10,1
278,10,1
280,10,1
281,10,1
282,10,1
283,10,1
284,10,1
285,10,1
287,10,1
290,10,1
291,10,1
292,10,1
293,10,1
295,10,1
296,10,1
298,10,1
299,10,1
300,10,1
301,10,1
302,10,1
303,10,1
305,10,1
306,10,1
308,10,1
309,10,1
310,10,1
313,10,1
314,10,1
315,10,1
317,10,1
318,10,1
319,10,1
320,10,1
321,10,1
322,10,1
324,10,1
326,10,1
327,10,1
328,10,1
329,10,1
330,10,1
331,10,1
332,10,1
333,10,1
336,10,1
337,10,1
339,10,1
340,10,1
341,10,1
342,10,1
343,10,1
344,10,1
345,10,1
346,10,1
348,10,1
349,10,1
351,10,1
352,10,1
353,10,1
355,10,1
356,10,1
357,10,1
359,10,1
360,10,1
361,10,1
362,10,1
363,10,1
364,10,1
365,10,1
366,10,1
368,10,1
369,10,1
371,10,1
372,10,1
373,10,1
374,10,1
375,10,1
376,10,1
377,10,1
378,10,1
379,10,1
380,10,1
381,10,1
382,10,1
383,10,1
384,10,1
385,10,1
386,10,1
387,10,1
388,10,1
389,10,1
390,10,1
391,10,1
392,10,1
393,10,1
394,10,1
395,10,1
396,10,1
397,10,1
398,10,1
399,10,1
400,10,1
401,10,1
402,10,1
403,10,1
404,10,1
405,10,1
406,10,1
407,10,1
408,10,1
409,10,1
410,10,1
411,10,1
412,10,1
413,10,1
415,10,1
418,10,1
419,10,1
421,10,1
422,10,1
423,10,1
424,10,1
427,10,1
428,10,1
429,10,1
432,10,1
433,10,1
434,10,1
435,10,1
437,10,1
438,10,1
439,10,1
440,10,1
441,10,1
442,10,1
443,10,1
444,10,1
445,10,1
446,10,1
447,10,1
448,10,1
450,10,1
451,10,1
452,10,1
453,10,1
454,10,1
455,10,1
456,10,1
457,10,1
458,10,1
461,10,1
462,10,1
463,10,1
464,10,1
465,10,1
466,10,1
469,10,1
470,10,1
472,10,1
474,10,1
475,10,1
476,10,1
477,10,1
478,10,1
479,10,1
480,10,1
481,10,1
482,10,1
485,10,1
486,10,1
487,10,1
488,10,1
489,10,1
490,10,1
492,10,1
493,10,1
494,10,1
495,10,1
496,10,1
497,10,1
498,10,1
499,10,1
500,10,1
501,10,1
502,10,1
503,10,1
505,10,1
506,10,1
507,10,1
508,10,1
509,10,1
510,10,1
511,10,1
512,10,1
513,10,1
514,10,1
515,10,1
517,10,1
518,10,1
519,10,1
520,10,1
521,10,1
522,10,1
524,10,1
526,10,1
527,10,1
528,10,1
531,10,1
532,10,1
533,10,1
534,10,1
535,10,1
537,10,1
538,10,1
539,10,1
540,10,1
541,10,1
542,10,1
545,10,1
546,10,1
547,10,1
548,10,1
549,10,1
550,10,1
551,10,1
552,10,1
553,10,1
554,10,1
555,10,1
558,10,1
559,10,1
560,10,1
561,10,1
562,10,1
563,10,1
565,10,1
566,10,1
567,10,1
568,10,1
569,10,1
570,10,1
571,10,1
572,10,1
573,10,1
574,10,1
576,10,1
577,10,1
578,10,1
579,10,1
580,10,1
581,10,1
583,10,1
584,10,1
585,10,1
586,10,1
587,10,1
588,10,1
589,10,1
590,10,1
591,10,1
592,10,1
593,10,1
594,10,1
595,10,1
596,10,1
597,10,1
598,10,1
599,10,1
