ORDER_ID,RESTAURANT_ID,CUSTOMER_ID,ORDER_TIME,TABLE_ID
1,1,1,2023-03-04 11:49:05,9
2,1,2,2023-03-15 18:31:36,4
3,1,3,2023-03-06 18:00:21,6
4,1,4,2023-03-09 11:09:10,10
5,1,5,2023-03-02 19:00:30,3
6,1,6,2023-03-15 11:25:55,13
7,1,7,2023-03-10 11:14:27,6
8,1,8,2023-03-03 18:08:43,9
9,1,9,2023-03-03 17:31:14,19
10,1,10,2023-03-06 13:36:50,6
11,1,11,2023-03-01 11:47:47,2
12,1,12,2023-03-14 13:03:26,8
13,1,13,2023-03-04 11:27:40,6
14,1,14,2023-03-05 18:16:31,9
15,1,15,2023-03-15 11:59:18,10
16,1,16,2023-03-05 13:08:50,13
17,1,17,2023-03-11 13:00:01,13
18,1,18,2023-03-04 12:10:45,3
19,1,19,2023-03-09 17:19:42,17
20,1,20,2023-03-07 17:27:28,2
21,1,21,2023-03-15 18:29:27,20
22,1,22,2023-03-06 19:56:12,20
23,1,23,2023-03-10 19:17:46,14
24,1,24,2023-03-08 12:36:07,20
25,1,25,2023-03-06 12:01:41,17
26,1,26,2023-03-05 18:35:56,9
27,1,27,2023-03-06 13:15:31,12
28,1,28,2023-03-05 17:32:54,17
29,1,29,2023-03-11 13:02:59,13
30,1,30,2023-03-15 17:34:56,2
31,1,31,2023-03-03 18:36:21,20
32,1,32,2023-03-11 13:15:30,7
33,1,33,2023-03-02 13:46:38,11
34,1,34,2023-03-11 13:51:21,19
35,1,35,2023-03-09 17:56:21,11
36,1,36,2023-03-12 13:52:32,15
37,1,37,2023-03-09 13:44:17,17
38,1,38,2023-03-13 19:45:51,9
39,1,39,2023-03-08 13:24:12,20
40,1,40,2023-03-10 13:59:40,4
41,1,41,2023-03-03 11:51:39,12
42,1,42,2023-03-05 11:20:02,18
43,1,43,2023-03-06 13:08:19,8
44,1,44,2023-03-15 19:07:04,1
45,1,45,2023-03-10 13:03:37,15
46,1,46,2023-03-14 17:42:55,17
47,1,47,2023-03-04 18:41:24,6
48,1,48,2023-03-05 12:02:56,9
49,1,49,2023-03-12 13:09:53,5
50,1,50,2023-03-14 13:04:11,8
51,1,51,2023-03-11 12:33:35,14
52,1,52,2023-03-02 12:02:08,18
53,1,53,2023-03-02 13:58:17,7
54,1,54,2023-03-07 12:12:57,20
55,1,55,2023-03-09 13:19:54,10
56,1,56,2023-03-04 13:22:30,4
57,1,57,2023-03-04 17:01:03,7
58,1,58,2023-03-14 13:32:39,12
59,1,59,2023-03-12 19:57:26,4
60,1,60,2023-03-02 13:37:56,14
61,1,61,2023-03-14 17:39:24,7
62,1,62,2023-03-05 12:52:13,12
63,1,63,2023-03-14 18:47:08,3
64,1,64,2023-03-11 17:22:57,12
65,1,65,2023-03-02 13:44:57,1
66,1,66,2023-03-02 18:28:01,5
67,1,67,2023-03-11 17:27:46,3
68,1,68,2023-03-14 11:36:35,19
69,1,69,2023-03-06 12:27:50,16
70,1,70,2023-03-09 13:26:10,11
71,1,71,2023-03-03 17:05:33,9
72,1,72,2023-03-08 12:57:53,12
73,1,73,2023-03-03 13:55:04,15
74,1,74,2023-03-13 17:06:10,11
75,1,75,2023-03-09 11:56:04,14
76,1,76,2023-03-04 13:29:09,7
77,1,77,2023-03-15 17:41:07,20
78,1,78,2023-03-14 11:23:49,14
79,1,79,2023-03-03 13:32:44,11
80,1,80,2023-03-14 18:19:20,10
81,1,81,2023-03-05 19:12:37,4
82,1,82,2023-03-10 17:47:07,2
83,1,83,2023-03-14 17:26:13,10
84,1,84,2023-03-08 11:32:47,17
85,1,85,2023-03-06 13:48:31,1
86,1,86,2023-03-11 19:05:41,12
87,1,87,2023-03-12 17:59:33,4
88,1,88,2023-03-09 12:07:51,1
89,1,89,2023-03-13 18:18:52,10
90,1,90,2023-03-07 19:56:26,18
91,1,91,2023-03-05 13:27:07,18
92,1,92,2023-03-04 18:39:34,1
93,1,93,2023-03-03 11:10:51,13
94,1,94,2023-03-11 18:50:30,12
95,1,95,2023-03-13 17:18:42,4
96,1,96,2023-03-05 19:31:53,9
97,1,97,2023-03-03 12:51:36,16
98,1,98,2023-03-14 19:20:22,8
99,1,99,2023-03-10 12:09:16,12
100,1,100,2023-03-08 19:59:05,20
101,1,83,2023-03-03 11:59:29,12
102,1,82,2023-03-08 11:51:27,1
103,1,402,2023-03-08 13:20:35,15
104,1,360,2023-03-02 11:43:51,19
105,1,257,2023-03-09 12:07:57,18
106,1,415,2023-03-09 18:38:25,10
107,1,285,2023-03-02 17:37:32,8
108,1,52,2023-03-05 19:11:27,18
109,1,393,2023-03-13 18:58:49,20
110,1,310,2023-03-14 13:14:37,4
111,1,94,2023-03-09 11:47:34,15
112,1,247,2023-03-01 18:34:15,14
113,1,409,2023-03-03 18:17:57,3
114,1,495,2023-03-14 12:18:51,10
115,1,196,2023-03-09 11:05:12,12
116,1,437,2023-03-15 19:25:19,11
117,1,490,2023-03-10 13:26:27,19
118,1,133,2023-03-10 11:31:49,20
119,1,141,2023-03-01 17:29:10,4
120,1,169,2023-03-09 19:52:41,18
121,1,328,2023-03-03 12:24:49,7
122,1,314,2023-03-15 11:09:13,7
123,1,10,2023-03-15 11:52:51,3
124,1,184,2023-03-14 13:44:48,19
125,1,52,2023-03-07 12:17:23,9
126,1,241,2023-03-03 12:03:01,4
127,1,266,2023-03-03 17:06:17,2
128,1,22,2023-03-08 11:44:19,12
129,1,383,2023-03-07 12:45:02,18
130,1,1,2023-03-05 12:10:58,18
131,1,182,2023-03-04 12:47:36,12
132,1,426,2023-03-04 18:18:50,3
133,1,293,2023-03-12 17:31:32,12
134,1,160,2023-03-02 17:36:50,20
135,1,319,2023-03-02 11:57:42,1
136,1,124,2023-03-07 13:40:10,5
137,1,263,2023-03-15 13:44:23,18
138,1,269,2023-03-06 19:04:13,19
139,1,198,2023-03-09 12:52:20,6
140,1,356,2023-03-05 11:06:59,1
141,1,284,2023-03-02 12:47:58,8
142,1,161,2023-03-06 12:02:27,4
143,1,100,2023-03-07 18:43:23,18
144,1,476,2023-03-04 13:34:00,10
145,1,280,2023-03-05 19:24:09,19
146,1,75,2023-03-05 17:23:41,5
147,1,178,2023-03-08 11:18:35,14
148,1,410,2023-03-03 12:31:18,12
149,1,202,2023-03-14 19:12:10,20
150,1,193,2023-03-04 11:11:40,7
151,1,197,2023-03-13 18:24:41,7
152,1,368,2023-03-01 19:44:58,8
153,1,395,2023-03-13 11:07:16,6
154,1,448,2023-03-07 11:19:10,13
155,1,451,2023-03-09 12:42:02,3
156,1,491,2023-03-12 13:50:19,17
157,1,12,2023-03-04 19:44:06,9
158,1,86,2023-03-09 11:50:04,16
159,1,62,2023-03-08 11:41:30,7
160,1,117,2023-03-06 11:31:24,7
161,1,89,2023-03-03 11:44:00,20
162,1,465,2023-03-04 12:39:11,2
163,1,68,2023-03-11 17:37:40,1
164,1,228,2023-03-01 11:41:30,6
165,1,318,2023-03-10 11:41:46,13
166,1,121,2023-03-11 11:52:01,8
167,1,81,2023-03-14 11:04:14,9
168,1,471,2023-03-12 11:58:03,14
169,1,219,2023-03-01 17:59:06,2
170,1,134,2023-03-13 17:13:35,18
171,1,5,2023-03-15 13:14:55,11
172,1,15,2023-03-09 19:42:11,9
173,1,328,2023-03-10 18:32:14,16
174,1,497,2023-03-08 18:57:16,12
175,1,413,2023-03-14 13:33:41,18
176,1,115,2023-03-07 13:18:26,17
177,1,326,2023-03-05 13:57:14,20
178,1,12,2023-03-08 13:42:56,17
179,1,124,2023-03-14 19:39:20,9
180,1,403,2023-03-15 12:15:28,3
181,1,223,2023-03-07 13:02:45,20
182,1,91,2023-03-01 17:55:49,18
183,1,426,2023-03-05 12:12:21,17
184,1,279,2023-03-15 17:32:49,13
185,1,486,2023-03-08 11:15:50,1
186,1,247,2023-03-15 19:37:23,8
187,1,159,2023-03-06 18:48:37,15
188,1,10,2023-03-02 11:45:25,3
189,1,354,2023-03-01 19:14:00,17
190,1,326,2023-03-09 11:42:37,10
191,1,306,2023-03-15 17:00:07,8
192,1,177,2023-03-07 18:46:30,15
193,1,398,2023-03-11 13:46:53,18
194,1,200,2023-03-13 11:36:06,7
195,1,476,2023-03-04 12:44:32,10
196,1,20,2023-03-10 12:51:19,9
197,1,303,2023-03-08 11:03:36,5
198,1,350,2023-03-02 19:31:37,17
199,1,131,2023-03-02 18:10:59,1
200,1,345,2023-03-12 18:36:13,13
201,1,174,2023-03-08 12:25:53,7
202,1,347,2023-03-14 17:00:10,4
203,1,17,2023-03-06 19:58:38,13
204,1,231,2023-03-01 12:53:18,2
205,1,74,2023-03-08 18:30:02,5
206,1,110,2023-03-07 19:02:07,17
207,1,317,2023-03-14 17:10:39,19
208,1,319,2023-03-04 12:52:11,2
209,1,101,2023-03-05 13:51:41,15
210,1,325,2023-03-06 11:54:31,3
211,1,170,2023-03-14 17:38:20,13
212,1,66,2023-03-07 17:44:29,6
213,1,32,2023-03-01 17:43:10,20
214,1,266,2023-03-10 17:27:58,9
215,1,28,2023-03-12 12:10:07,13
216,1,227,2023-03-13 19:53:39,7
217,1,112,2023-03-04 13:23:47,3
218,1,392,2023-03-05 12:05:12,1
219,1,324,2023-03-15 17:08:32,18
220,1,130,2023-03-08 18:48:02,15
221,1,303,2023-03-05 11:39:52,16
222,1,23,2023-03-10 18:45:58,14
223,1,169,2023-03-09 11:19:18,1
224,1,286,2023-03-01 17:34:10,3
225,1,382,2023-03-03 11:22:02,17
226,1,176,2023-03-01 19:40:03,11
227,1,22,2023-03-06 18:29:56,8
228,1,242,2023-03-09 19:28:26,10
229,1,394,2023-03-06 12:18:11,18
230,1,221,2023-03-14 13:22:57,2
231,1,244,2023-03-14 12:30:11,4
232,1,62,2023-03-01 17:06:33,18
233,1,97,2023-03-01 18:37:04,20
234,1,205,2023-03-10 11:14:11,3
235,1,477,2023-03-08 11:57:44,9
236,1,490,2023-03-11 11:26:45,9
237,1,405,2023-03-12 13:22:51,13
238,1,492,2023-03-01 13:05:48,15
239,1,403,2023-03-07 12:43:28,7
240,1,333,2023-03-12 17:04:48,20
241,1,120,2023-03-14 11:04:23,11
242,1,89,2023-03-07 11:17:37,2
243,1,375,2023-03-09 17:51:22,14
244,1,53,2023-03-08 11:19:57,5
245,1,65,2023-03-09 17:39:26,5
246,1,280,2023-03-01 19:34:11,16
247,1,319,2023-03-02 18:06:10,13
248,1,27,2023-03-04 12:29:54,5
249,1,488,2023-03-12 17:32:42,14
250,1,66,2023-03-01 12:43:26,2
251,1,80,2023-03-11 13:38:18,17
252,1,391,2023-03-02 19:27:34,9
253,1,42,2023-03-11 11:22:31,15
254,1,60,2023-03-08 17:54:20,16
255,1,255,2023-03-10 11:21:09,10
256,1,49,2023-03-15 19:57:08,1
257,1,118,2023-03-11 18:18:58,9
258,1,339,2023-03-05 17:20:57,8
259,1,50,2023-03-13 18:25:32,8
260,1,86,2023-03-09 17:59:37,1
261,1,297,2023-03-02 11:29:15,14
262,1,260,2023-03-01 11:08:54,11
263,1,437,2023-03-02 17:06:46,15
264,1,18,2023-03-07 13:56:35,10
265,1,77,2023-03-11 19:32:43,2
266,1,161,2023-03-04 18:32:27,15
267,1,396,2023-03-08 17:12:25,3
268,1,348,2023-03-13 17:39:32,4
269,1,91,2023-03-08 17:15:13,4
270,1,258,2023-03-12 12:58:39,18
271,1,190,2023-03-01 12:20:06,11
272,1,475,2023-03-03 13:21:58,8
273,1,265,2023-03-07 12:11:12,1
274,1,338,2023-03-11 12:33:07,16
275,1,5,2023-03-12 13:29:33,4
276,1,267,2023-03-01 17:48:26,16
277,1,115,2023-03-14 11:12:03,18
278,1,73,2023-03-08 13:26:48,5
279,1,354,2023-03-10 11:49:09,10
280,1,448,2023-03-15 17:16:01,17
281,1,289,2023-03-12 17:23:33,15
282,1,287,2023-03-07 17:09:26,3
283,1,497,2023-03-13 18:36:49,10
284,1,372,2023-03-14 19:24:29,12
285,1,497,2023-03-05 11:28:14,19
286,1,450,2023-03-05 19:10:17,13
287,1,336,2023-03-03 13:20:46,17
288,1,395,2023-03-12 13:24:18,13
289,1,219,2023-03-07 17:37:03,20
290,1,169,2023-03-04 17:54:51,13
291,1,59,2023-03-02 17:53:48,11
292,1,18,2023-03-08 11:53:05,4
293,1,66,2023-03-07 11:50:46,10
294,1,257,2023-03-03 17:00:27,17
295,1,469,2023-03-11 19:25:19,3
296,1,14,2023-03-02 12:00:35,16
297,1,228,2023-03-11 12:52:08,12
298,1,296,2023-03-10 13:45:21,16
299,1,145,2023-03-06 11:58:37,14
300,1,194,2023-03-15 11:07:14,17
301,1,376,2023-03-02 12:48:12,16
302,1,93,2023-03-10 18:41:02,14
303,1,73,2023-03-15 19:13:51,13
304,1,157,2023-03-11 11:54:00,13
305,1,346,2023-03-03 12:59:48,14
306,1,239,2023-03-11 19:08:10,13
307,1,3,2023-03-15 18:09:01,7
308,1,94,2023-03-01 19:25:05,10
309,1,203,2023-03-05 11:57:51,17
310,1,227,2023-03-08 17:23:44,17
311,1,401,2023-03-14 11:12:35,17
312,1,237,2023-03-13 12:32:20,10
313,1,486,2023-03-08 19:20:49,12
314,1,482,2023-03-06 13:46:58,6
315,1,150,2023-03-08 19:44:06,18
316,1,394,2023-03-15 13:49:26,10
317,1,291,2023-03-13 13:15:50,20
318,1,357,2023-03-03 18:06:40,14
319,1,89,2023-03-04 17:28:05,20
320,1,133,2023-03-15 13:54:42,7
321,1,98,2023-03-09 12:39:59,18
322,1,424,2023-03-07 18:48:22,9
323,1,104,2023-03-11 19:38:09,18
324,1,287,2023-03-13 18:36:17,13
325,1,356,2023-03-03 12:22:22,17
326,1,166,2023-03-15 11:26:52,15
327,1,197,2023-03-08 13:21:58,9
328,1,482,2023-03-08 18:45:34,6
329,1,325,2023-03-01 13:49:49,3
330,1,75,2023-03-05 19:19:02,15
331,1,329,2023-03-03 12:55:23,3
332,1,485,2023-03-05 11:02:50,12
333,1,489,2023-03-10 13:32:50,5
334,1,498,2023-03-15 11:11:09,17
335,1,229,2023-03-04 17:53:07,11
336,1,326,2023-03-15 17:52:41,14
337,1,67,2023-03-14 17:11:10,7
338,1,460,2023-03-06 19:12:44,2
339,1,259,2023-03-05 19:38:00,16
340,1,457,2023-03-12 17:52:42,17
341,1,274,2023-03-13 11:35:11,10
342,1,264,2023-03-14 19:53:16,12
343,1,373,2023-03-08 12:03:41,20
344,1,60,2023-03-12 13:00:10,2
345,1,51,2023-03-01 11:34:36,4
346,1,154,2023-03-01 17:08:09,16
347,1,184,2023-03-02 19:44:34,16
348,1,308,2023-03-13 13:47:35,12
349,1,422,2023-03-02 19:21:58,2
350,1,457,2023-03-09 13:27:46,8
351,1,14,2023-03-06 13:12:51,19
352,1,385,2023-03-15 12:07:34,20
353,1,295,2023-03-11 12:25:32,18
354,1,263,2023-03-11 18:34:57,5
355,1,333,2023-03-08 17:45:55,7
356,1,14,2023-03-12 18:03:49,16
357,1,279,2023-03-02 18:31:43,18
358,1,297,2023-03-03 18:37:50,10
359,1,237,2023-03-10 11:25:25,10
360,1,380,2023-03-13 17:07:00,3
361,1,191,2023-03-01 18:06:23,12
362,1,208,2023-03-04 19:32:43,12
363,1,346,2023-03-12 17:14:51,6
364,1,209,2023-03-08 19:33:56,13
365,1,375,2023-03-12 12:01:29,17
366,1,467,2023-03-12 17:47:49,11
367,1,238,2023-03-10 18:11:47,20
368,1,423,2023-03-01 18:16:14,13
369,1,444,2023-03-11 17:47:25,13
370,1,352,2023-03-03 19:05:11,19
371,1,51,2023-03-10 17:45:54,17
372,1,303,2023-03-04 12:05:11,13
373,1,265,2023-03-03 19:22:59,17
374,1,489,2023-03-10 11:28:49,2
375,1,240,2023-03-03 19:40:31,20
376,1,120,2023-03-11 17:44:40,12
377,1,136,2023-03-07 11:42:32,4
378,1,107,2023-03-15 17:54:28,12
379,1,104,2023-03-09 13:12:41,18
380,1,213,2023-03-15 12:25:26,1
381,1,294,2023-03-05 19:52:45,4
382,1,395,2023-03-10 19:44:46,11
383,1,377,2023-03-15 17:39:35,6
384,1,348,2023-03-07 12:41:39,10
385,1,399,2023-03-10 11:17:05,13
386,1,483,2023-03-09 19:51:44,1
387,1,47,2023-03-13 13:54:17,18
388,1,106,2023-03-12 11:54:54,2
389,1,139,2023-03-13 12:37:29,5
390,1,59,2023-03-15 19:59:36,8
391,1,287,2023-03-01 19:34:11,17
392,1,166,2023-03-06 17:07:36,5
393,1,14,2023-03-02 12:36:18,12
394,1,165,2023-03-06 17:21:18,7
395,1,117,2023-03-04 17:25:29,11
396,1,187,2023-03-05 17:20:14,14
397,1,440,2023-03-08 19:10:44,19
398,1,37,2023-03-09 12:06:12,16
399,1,323,2023-03-14 12:27:28,9
400,1,30,2023-03-08 19:16:22,1
401,1,341,2023-03-01 17:24:35,9
402,1,277,2023-03-05 13:44:37,13
403,1,210,2023-03-01 11:49:44,15
404,1,257,2023-03-02 19:08:39,7
405,1,189,2023-03-06 19:23:06,8
406,1,184,2023-03-12 17:14:38,6
407,1,200,2023-03-06 13:02:29,20
408,1,13,2023-03-07 19:59:02,10
409,1,338,2023-03-04 18:40:44,12
410,1,453,2023-03-03 17:25:36,19
411,1,14,2023-03-12 17:15:42,16
412,1,391,2023-03-14 19:40:24,2
413,1,65,2023-03-15 13:59:42,7
414,1,174,2023-03-06 12:34:49,14
415,1,379,2023-03-03 18:13:08,10
416,1,206,2023-03-10 11:54:32,12
417,1,76,2023-03-11 18:38:05,14
418,1,421,2023-03-04 19:22:07,11
419,1,310,2023-03-14 11:22:06,3
420,1,72,2023-03-03 13:07:16,8
421,1,140,2023-03-06 17:14:04,17
422,1,238,2023-03-07 13:02:15,14
423,1,432,2023-03-02 13:41:09,3
424,1,446,2023-03-14 18:38:05,15
425,1,442,2023-03-08 19:30:44,14
426,1,162,2023-03-10 13:45:12,10
427,1,71,2023-03-06 13:03:14,1
428,1,136,2023-03-12 19:11:23,11
429,1,364,2023-03-13 17:59:29,2
430,1,207,2023-03-14 17:16:43,3
431,1,25,2023-03-03 17:36:54,15
432,1,415,2023-03-12 17:32:39,17
433,1,130,2023-03-03 17:09:01,12
434,1,317,2023-03-07 11:47:13,9
435,1,114,2023-03-14 12:12:20,7
436,1,220,2023-03-13 12:23:03,11
437,1,327,2023-03-04 18:07:15,16
438,1,32,2023-03-05 13:25:39,15
439,1,306,2023-03-15 17:39:39,20
440,1,212,2023-03-05 12:26:31,14
441,1,17,2023-03-08 19:07:35,20
442,1,327,2023-03-04 17:29:53,16
443,1,43,2023-03-13 13:25:15,16
444,1,329,2023-03-11 11:50:47,10
445,1,275,2023-03-13 13:19:58,8
446,1,25,2023-03-09 19:25:24,10
447,1,474,2023-03-14 19:13:53,16
448,1,119,2023-03-09 17:32:05,10
449,1,135,2023-03-11 19:58:57,12
450,1,224,2023-03-09 11:24:12,17
451,1,215,2023-03-12 19:03:26,18
452,1,43,2023-03-15 18:41:33,3
453,1,282,2023-03-03 18:26:41,16
454,1,391,2023-03-10 12:38:59,3
455,1,244,2023-03-10 11:09:59,15
456,1,53,2023-03-12 13:42:12,19
457,1,36,2023-03-06 19:48:46,10
458,1,323,2023-03-04 19:01:42,18
459,1,98,2023-03-01 18:45:15,18
460,1,175,2023-03-14 17:01:03,6
461,1,218,2023-03-01 13:06:34,16
462,1,332,2023-03-07 12:01:01,4
463,1,121,2023-03-08 18:15:13,10
464,1,77,2023-03-07 11:36:51,8
465,1,304,2023-03-12 13:36:47,7
466,1,205,2023-03-03 18:00:55,6
467,1,33,2023-03-13 12:28:59,6
468,1,314,2023-03-09 13:52:45,15
469,1,121,2023-03-05 11:34:32,2
470,1,69,2023-03-04 18:40:36,14
471,1,424,2023-03-10 17:18:19,20
472,1,20,2023-03-02 11:17:49,14
473,1,402,2023-03-12 18:51:41,16
474,1,458,2023-03-15 18:28:27,17
475,1,445,2023-03-01 19:23:19,13
476,1,366,2023-03-05 19:02:50,18
477,1,58,2023-03-15 17:36:10,7
478,1,304,2023-03-01 19:36:53,18
479,1,265,2023-03-09 11:00:14,11
480,1,113,2023-03-02 13:39:02,13
481,1,286,2023-03-04 19:18:46,13
482,1,425,2023-03-11 17:53:18,17
483,1,251,2023-03-10 12:50:12,14
484,1,481,2023-03-08 18:20:49,18
485,1,45,2023-03-12 13:20:41,4
486,1,123,2023-03-04 17:38:50,17
487,1,53,2023-03-12 18:43:41,6
488,1,350,2023-03-10 11:40:26,15
489,1,329,2023-03-06 17:09:20,8
490,1,240,2023-03-03 19:35:03,16
491,1,247,2023-03-08 12:09:02,4
492,1,155,2023-03-13 17:01:23,7
493,1,475,2023-03-12 19:46:29,1
494,1,464,2023-03-14 11:59:57,4
495,1,44,2023-03-07 13:51:56,16
496,1,81,2023-03-15 17:23:32,2
497,1,448,2023-03-02 19:45:01,12
498,1,266,2023-03-02 13:19:10,13
499,1,215,2023-03-09 12:09:59,16
500,1,340,2023-03-13 19:29:36,2
501,1,106,2023-03-05 17:34:03,4
502,1,452,2023-03-01 17:21:23,2
503,1,186,2023-03-07 11:46:00,7
504,1,460,2023-03-09 18:39:21,15
505,1,146,2023-03-15 13:17:14,16
506,1,436,2023-03-03 19:02:52,8
507,1,418,2023-03-03 17:40:15,19
508,1,351,2023-03-10 11:41:55,20
509,1,111,2023-03-10 11:21:53,1
510,1,183,2023-03-06 11:30:30,4
511,1,94,2023-03-09 11:32:23,5
512,1,373,2023-03-13 13:21:46,5
513,1,384,2023-03-15 11:39:18,3
514,1,76,2023-03-06 11:09:32,7
515,1,369,2023-03-04 13:47:23,8
516,1,22,2023-03-01 13:03:18,13
517,1,219,2023-03-02 17:09:52,19
518,1,303,2023-03-04 17:20:29,19
519,1,367,2023-03-06 13:26:14,7
520,1,43,2023-03-11 19:32:33,16
521,1,156,2023-03-15 18:45:11,20
522,1,126,2023-03-12 19:46:26,18
523,1,286,2023-03-08 18:59:23,8
524,1,349,2023-03-15 12:25:02,2
525,1,113,2023-03-06 12:56:30,7
526,1,31,2023-03-05 11:29:17,6
527,1,138,2023-03-03 19:12:59,10
528,1,255,2023-03-08 18:52:07,16
529,1,212,2023-03-11 12:14:19,7
530,1,1,2023-03-12 18:58:42,15
531,1,115,2023-03-13 11:48:14,4
532,1,14,2023-03-02 12:42:06,10
533,1,188,2023-03-13 13:07:28,16
534,1,201,2023-03-03 17:01:00,2
535,1,244,2023-03-07 19:36:10,12
536,1,318,2023-03-10 12:18:32,11
537,1,366,2023-03-08 19:00:15,4
538,1,292,2023-03-14 13:21:42,8
539,1,296,2023-03-02 12:28:43,14
540,1,442,2023-03-02 12:45:26,11
541,1,18,2023-03-07 18:29:47,15
542,1,372,2023-03-05 19:58:41,13
543,1,89,2023-03-07 18:22:02,8
544,1,124,2023-03-03 12:49:38,8
545,1,335,2023-03-02 17:30:14,9
546,1,403,2023-03-03 18:41:51,5
547,1,19,2023-03-04 12:24:44,13
548,1,389,2023-03-15 13:26:50,1
549,1,437,2023-03-10 13:18:28,15
550,1,422,2023-03-14 17:22:22,17
551,1,74,2023-03-06 18:36:42,4
552,1,373,2023-03-08 11:20:15,9
553,1,248,2023-03-03 12:10:30,20
554,1,75,2023-03-09 17:33:07,17
555,1,408,2023-03-13 18:02:22,1
556,1,321,2023-03-14 13:59:56,8
557,1,85,2023-03-06 12:11:39,19
558,1,486,2023-03-15 17:44:56,16
559,1,78,2023-03-15 19:36:24,20
560,1,472,2023-03-07 13:02:29,13
561,1,195,2023-03-12 11:14:42,11
562,1,1,2023-03-14 13:21:16,1
563,1,54,2023-03-11 11:56:58,2
564,1,403,2023-03-01 17:18:31,5
565,1,401,2023-03-04 17:39:57,8
566,1,201,2023-03-12 11:30:09,10
567,1,211,2023-03-01 12:41:17,10
568,1,408,2023-03-15 19:30:02,18
569,1,152,2023-03-02 17:15:04,5
570,1,494,2023-03-06 11:50:51,13
571,1,318,2023-03-01 13:55:46,14
572,1,324,2023-03-01 11:25:40,7
573,1,214,2023-03-02 17:12:58,20
574,1,66,2023-03-13 12:46:30,15
575,1,136,2023-03-13 19:34:05,9
576,1,277,2023-03-14 18:42:56,10
577,1,24,2023-03-13 12:03:47,5
578,1,278,2023-03-06 17:16:19,12
579,1,245,2023-03-06 19:28:03,19
580,1,324,2023-03-12 13:28:17,18
581,1,335,2023-03-12 18:50:41,4
582,1,75,2023-03-04 19:08:49,3
583,1,415,2023-03-04 11:32:28,2
584,1,137,2023-03-03 19:33:39,15
585,1,40,2023-03-09 11:20:37,15
586,1,30,2023-03-13 12:25:14,15
587,1,340,2023-03-06 19:55:50,15
588,1,209,2023-03-08 13:40:05,1
589,1,202,2023-03-14 17:46:14,17
590,1,455,2023-03-09 13:14:48,18
591,1,495,2023-03-06 17:05:01,8
592,1,493,2023-03-05 17:43:35,19
593,1,357,2023-03-13 11:52:08,9
594,1,392,2023-03-11 13:08:13,15
595,1,402,2023-03-10 13:13:27,17
596,1,437,2023-03-04 11:04:33,20
597,1,78,2023-03-15 18:41:27,8
598,1,404,2023-03-10 13:00:16,14
599,1,227,2023-03-10 11:00:29,12
600,1,123,2023-03-08 11:14:15,18
601,2,101,2023-03-10 17:18:29,11
602,2,102,2023-03-15 19:20:47,12
603,2,103,2023-03-14 13:29:26,8
604,2,104,2023-03-10 17:09:17,13
605,2,105,2023-03-04 18:01:27,15
606,2,106,2023-03-15 17:07:33,5
607,2,107,2023-03-15 17:07:35,17
608,2,108,2023-03-05 13:37:23,4
609,2,109,2023-03-14 17:55:17,19
610,2,110,2023-03-15 17:37:22,9
611,2,111,2023-03-13 13:30:49,13
612,2,112,2023-03-07 17:54:10,14
613,2,113,2023-03-03 12:28:48,12
614,2,114,2023-03-03 13:26:06,13
615,2,115,2023-03-11 12:27:54,8
616,2,116,2023-03-12 19:55:09,8
617,2,117,2023-03-06 19:32:06,8
618,2,118,2023-03-01 11:17:53,13
619,2,119,2023-03-01 11:22:29,20
620,2,120,2023-03-01 11:15:45,15
621,2,121,2023-03-07 17:48:40,8
622,2,122,2023-03-08 19:49:50,19
623,2,123,2023-03-03 18:11:49,7
624,2,124,2023-03-03 11:16:02,17
625,2,125,2023-03-01 11:24:46,1
626,2,126,2023-03-13 18:24:15,7
627,2,127,2023-03-14 13:01:26,14
628,2,128,2023-03-01 11:57:42,14
629,2,129,2023-03-03 13:59:28,13
630,2,130,2023-03-06 13:11:48,8
631,2,131,2023-03-04 17:33:57,1
632,2,132,2023-03-12 11:00:51,1
633,2,133,2023-03-12 11:31:28,12
634,2,134,2023-03-01 12:50:32,14
635,2,135,2023-03-04 11:53:52,14
636,2,136,2023-03-03 18:09:09,17
637,2,137,2023-03-02 17:33:36,6
638,2,138,2023-03-02 12:27:36,13
639,2,139,2023-03-15 11:39:04,13
640,2,140,2023-03-10 11:18:58,7
641,2,141,2023-03-08 19:51:38,19
642,2,142,2023-03-11 12:50:20,10
643,2,143,2023-03-06 12:59:21,15
644,2,144,2023-03-15 11:40:52,12
645,2,145,2023-03-01 18:41:34,11
646,2,146,2023-03-10 11:46:57,11
647,2,147,2023-03-02 18:12:11,14
648,2,148,2023-03-10 11:21:19,14
649,2,149,2023-03-05 18:17:37,1
650,2,150,2023-03-10 13:50:51,5
651,2,151,2023-03-09 13:38:22,6
652,2,152,2023-03-05 11:36:28,13
653,2,153,2023-03-02 12:37:03,19
654,2,154,2023-03-01 19:14:43,3
655,2,155,2023-03-12 11:24:27,9
656,2,156,2023-03-12 18:48:05,16
657,2,157,2023-03-02 19:14:00,18
658,2,158,2023-03-06 17:58:57,20
659,2,159,2023-03-10 19:42:02,7
660,2,160,2023-03-07 12:07:54,19
661,2,161,2023-03-06 12:36:04,3
662,2,162,2023-03-15 12:40:18,18
663,2,163,2023-03-05 12:12:22,13
664,2,164,2023-03-11 17:54:28,5
665,2,165,2023-03-01 11:13:49,13
666,2,166,2023-03-11 13:57:39,13
667,2,167,2023-03-06 11:57:28,9
668,2,168,2023-03-11 13:41:56,2
669,2,169,2023-03-01 18:20:30,6
670,2,170,2023-03-14 13:57:09,19
671,2,171,2023-03-07 18:24:01,19
672,2,172,2023-03-02 12:50:58,15
673,2,173,2023-03-06 13:21:22,10
674,2,174,2023-03-05 18:27:16,9
675,2,175,2023-03-06 17:31:07,1
676,2,176,2023-03-13 12:53:24,16
677,2,177,2023-03-06 17:43:49,13
678,2,178,2023-03-02 12:19:00,7
679,2,179,2023-03-13 13:49:22,18
680,2,180,2023-03-14 18:30:51,4
681,2,181,2023-03-06 17:45:43,18
682,2,182,2023-03-10 12:28:16,18
683,2,183,2023-03-11 19:44:17,7
684,2,184,2023-03-09 13:28:47,4
685,2,185,2023-03-08 11:22:05,8
686,2,186,2023-03-13 12:10:34,12
687,2,187,2023-03-05 11:50:16,1
688,2,188,2023-03-03 13:38:53,3
689,2,189,2023-03-15 11:25:09,1
690,2,190,2023-03-10 19:32:34,10
691,2,191,2023-03-01 18:02:29,13
692,2,192,2023-03-01 11:51:27,11
693,2,193,2023-03-03 12:28:55,14
694,2,194,2023-03-14 19:52:39,9
695,2,195,2023-03-02 17:28:36,20
696,2,196,2023-03-01 13:45:25,16
697,2,197,2023-03-12 11:24:50,12
698,2,198,2023-03-03 11:35:16,5
699,2,199,2023-03-09 17:26:31,17
700,2,200,2023-03-14 11:35:42,5
701,2,49,2023-03-11 13:15:04,9
702,2,264,2023-03-10 13:26:33,2
703,2,152,2023-03-13 11:35:21,18
704,2,496,2023-03-08 18:31:43,6
705,2,51,2023-03-09 17:14:44,15
706,2,418,2023-03-06 11:40:55,17
707,2,316,2023-03-05 19:49:07,13
708,2,490,2023-03-13 17:24:21,16
709,2,182,2023-03-01 17:26:28,15
710,2,131,2023-03-12 17:29:08,7
711,2,23,2023-03-02 11:35:32,3
712,2,73,2023-03-05 18:24:53,16
713,2,198,2023-03-07 13:03:13,1
714,2,496,2023-03-07 12:08:38,4
715,2,198,2023-03-02 18:03:55,18
716,2,89,2023-03-13 19:19:16,12
717,2,257,2023-03-15 19:09:36,4
718,2,171,2023-03-03 17:23:00,16
719,2,303,2023-03-02 18:50:46,14
720,2,264,2023-03-14 17:01:26,16
721,2,165,2023-03-14 12:43:11,11
722,2,114,2023-03-04 13:15:32,1
723,2,185,2023-03-01 19:24:56,7
724,2,93,2023-03-04 13:45:40,19
725,2,137,2023-03-01 12:11:52,16
726,2,367,2023-03-08 12:00:45,2
727,2,27,2023-03-06 19:55:34,11
728,2,64,2023-03-11 19:12:44,4
729,2,463,2023-03-10 11:17:35,1
730,2,296,2023-03-02 13:42:04,5
731,2,146,2023-03-13 19:42:58,14
732,2,98,2023-03-04 18:02:29,10
733,2,455,2023-03-02 19:15:36,9
734,2,331,2023-03-08 18:43:07,4
735,2,465,2023-03-10 19:58:10,8
736,2,449,2023-03-10 12:42:00,7
737,2,441,2023-03-09 18:35:13,15
738,2,77,2023-03-13 19:50:07,9
739,2,91,2023-03-14 17:04:09,15
740,2,311,2023-03-11 17:06:25,5
741,2,366,2023-03-08 17:07:47,3
742,2,199,2023-03-09 17:45:29,9
743,2,209,2023-03-12 19:11:45,8
744,2,17,2023-03-01 12:31:49,2
745,2,213,2023-03-08 13:54:06,13
746,2,373,2023-03-06 19:40:34,13
747,2,198,2023-03-15 13:58:03,14
748,2,83,2023-03-02 13:07:55,19
749,2,223,2023-03-09 11:44:16,14
750,2,252,2023-03-15 11:54:49,16
751,2,344,2023-03-05 17:11:45,12
752,2,385,2023-03-05 11:22:47,14
753,2,449,2023-03-11 19:31:17,6
754,2,129,2023-03-05 19:20:02,20
755,2,360,2023-03-15 18:46:39,10
756,2,466,2023-03-13 12:04:59,15
757,2,386,2023-03-12 17:55:25,2
758,2,146,2023-03-06 11:09:38,6
759,2,336,2023-03-02 18:38:05,6
760,2,175,2023-03-15 18:12:40,1
761,2,2,2023-03-05 11:07:49,15
762,2,78,2023-03-04 12:43:57,15
763,2,344,2023-03-09 19:24:12,14
764,2,195,2023-03-08 11:09:39,15
765,2,429,2023-03-12 17:40:29,9
766,2,27,2023-03-13 19:13:22,4
767,2,465,2023-03-06 19:28:21,3
768,2,157,2023-03-07 11:03:05,12
769,2,370,2023-03-11 18:50:44,16
770,2,278,2023-03-15 11:10:17,11
771,2,149,2023-03-12 18:08:51,17
772,2,98,2023-03-06 17:55:00,10
773,2,499,2023-03-11 18:03:35,6
774,2,63,2023-03-06 12:48:07,13
775,2,474,2023-03-15 18:09:38,9
776,2,294,2023-03-01 12:44:22,4
777,2,350,2023-03-06 13:02:57,12
778,2,465,2023-03-10 17:12:32,1
779,2,451,2023-03-05 11:51:30,5
780,2,357,2023-03-03 19:12:19,3
781,2,316,2023-03-08 13:10:37,5
782,2,435,2023-03-09 18:21:45,5
783,2,323,2023-03-12 12:47:43,5
784,2,204,2023-03-15 18:03:15,12
785,2,106,2023-03-01 17:08:29,1
786,2,433,2023-03-01 19:23:42,16
787,2,190,2023-03-06 12:20:34,17
788,2,156,2023-03-13 19:51:00,9
789,2,299,2023-03-07 18:08:19,19
790,2,8,2023-03-11 12:01:11,7
791,2,439,2023-03-10 12:20:16,9
792,2,181,2023-03-10 18:24:47,14
793,2,84,2023-03-06 18:46:32,4
794,2,164,2023-03-06 17:02:03,13
795,2,163,2023-03-02 11:21:35,13
796,2,298,2023-03-13 19:03:09,15
797,2,241,2023-03-05 18:13:32,14
798,2,242,2023-03-02 13:16:32,4
799,2,153,2023-03-06 19:30:46,19
800,2,495,2023-03-03 13:58:40,6
801,2,388,2023-03-07 13:57:49,17
802,2,184,2023-03-12 12:55:29,6
803,2,6,2023-03-05 19:09:26,1
804,2,136,2023-03-14 19:22:57,20
805,2,154,2023-03-06 13:38:21,7
806,2,445,2023-03-12 11:57:55,7
807,2,375,2023-03-07 13:34:45,10
808,2,184,2023-03-09 13:21:29,16
809,2,499,2023-03-01 12:38:13,18
810,2,114,2023-03-09 17:33:05,17
811,2,6,2023-03-07 13:37:18,16
812,2,492,2023-03-12 13:11:53,1
813,2,188,2023-03-05 11:11:11,19
814,2,15,2023-03-09 19:24:05,14
815,2,466,2023-03-08 19:53:24,15
816,2,199,2023-03-09 12:40:42,15
817,2,152,2023-03-10 11:48:11,8
818,2,429,2023-03-06 18:28:55,19
819,2,284,2023-03-03 18:43:48,19
820,2,375,2023-03-02 13:03:24,18
821,2,238,2023-03-15 18:08:40,19
822,2,314,2023-03-02 19:31:26,6
823,2,385,2023-03-04 12:09:19,14
824,2,177,2023-03-14 17:43:42,8
825,2,146,2023-03-04 18:10:06,4
826,2,150,2023-03-10 12:36:37,1
827,2,432,2023-03-11 19:49:47,3
828,2,5,2023-03-07 18:09:02,12
829,2,128,2023-03-14 19:45:02,5
830,2,14,2023-03-08 17:47:29,12
831,2,452,2023-03-11 19:37:00,10
832,2,296,2023-03-15 11:36:18,15
833,2,174,2023-03-11 11:11:49,18
834,2,494,2023-03-08 17:58:09,7
835,2,260,2023-03-04 19:57:12,7
836,2,147,2023-03-10 17:36:27,2
837,2,44,2023-03-11 13:40:09,6
838,2,209,2023-03-04 11:49:24,5
839,2,249,2023-03-08 18:28:42,7
840,2,323,2023-03-09 17:41:39,13
841,2,90,2023-03-14 13:14:41,8
842,2,52,2023-03-15 19:09:54,6
843,2,293,2023-03-04 13:54:16,11
844,2,318,2023-03-05 18:41:26,14
845,2,207,2023-03-05 17:20:16,20
846,2,267,2023-03-08 11:15:13,7
847,2,352,2023-03-04 12:05:33,5
848,2,247,2023-03-14 13:55:29,14
849,2,361,2023-03-13 13:10:10,19
850,2,273,2023-03-01 17:01:48,4
851,2,292,2023-03-06 12:53:59,5
852,2,483,2023-03-03 12:41:21,19
853,2,227,2023-03-07 13:22:09,17
854,2,390,2023-03-10 11:06:36,7
855,2,437,2023-03-14 12:11:36,19
856,2,229,2023-03-03 11:05:09,17
857,2,199,2023-03-09 19:26:55,18
858,2,242,2023-03-03 18:06:27,15
859,2,105,2023-03-02 19:19:54,11
860,2,190,2023-03-01 12:52:18,8
861,2,234,2023-03-15 17:12:04,20
862,2,130,2023-03-10 13:32:30,12
863,2,7,2023-03-05 17:40:34,3
864,2,267,2023-03-15 17:18:52,13
865,2,335,2023-03-02 18:41:22,10
866,2,231,2023-03-13 17:09:02,14
867,2,323,2023-03-02 11:26:41,9
868,2,482,2023-03-12 11:03:54,5
869,2,324,2023-03-11 18:08:01,1
870,2,125,2023-03-01 17:37:20,11
871,2,107,2023-03-05 19:31:04,3
872,2,36,2023-03-06 11:29:32,16
873,2,101,2023-03-12 13:35:42,7
874,2,493,2023-03-05 17:52:04,6
875,2,432,2023-03-04 12:57:06,20
876,2,141,2023-03-01 13:42:04,17
877,2,387,2023-03-15 11:38:52,1
878,2,239,2023-03-05 18:58:46,19
879,2,213,2023-03-05 18:33:00,18
880,2,69,2023-03-07 12:09:17,1
881,2,464,2023-03-08 13:37:19,7
882,2,238,2023-03-15 12:43:25,9
883,2,228,2023-03-04 17:28:49,15
884,2,498,2023-03-04 13:44:28,19
885,2,103,2023-03-14 18:46:20,4
886,2,204,2023-03-12 12:24:46,14
887,2,99,2023-03-14 17:47:10,14
888,2,14,2023-03-15 18:20:50,8
889,2,378,2023-03-15 17:56:30,3
890,2,179,2023-03-06 17:49:06,17
891,2,93,2023-03-05 13:25:34,6
892,2,468,2023-03-02 12:12:45,9
893,2,296,2023-03-06 17:31:27,19
894,2,440,2023-03-02 17:29:17,18
895,2,54,2023-03-13 12:53:16,1
896,2,445,2023-03-10 17:00:59,20
897,2,8,2023-03-02 18:50:45,16
898,2,31,2023-03-02 17:04:43,9
899,2,88,2023-03-11 13:00:23,7
900,2,492,2023-03-08 19:59:32,20
901,2,278,2023-03-05 19:21:36,13
902,2,472,2023-03-14 13:14:05,12
903,2,174,2023-03-14 12:42:54,17
904,2,174,2023-03-07 19:58:02,2
905,2,71,2023-03-01 12:54:57,20
906,2,133,2023-03-05 19:06:02,5
907,2,171,2023-03-07 11:25:21,7
908,2,160,2023-03-14 17:32:28,6
909,2,30,2023-03-06 19:45:58,5
910,2,295,2023-03-01 18:37:26,14
911,2,24,2023-03-13 19:47:48,3
912,2,499,2023-03-01 12:32:16,4
913,2,500,2023-03-07 19:25:39,5
914,2,144,2023-03-15 11:16:37,9
915,2,66,2023-03-14 13:59:29,11
916,2,317,2023-03-04 13:30:04,15
917,2,224,2023-03-14 12:55:58,6
918,2,138,2023-03-06 18:58:10,2
919,2,452,2023-03-11 13:21:44,1
920,2,61,2023-03-02 19:03:15,19
921,2,115,2023-03-10 11:58:11,20
922,2,276,2023-03-01 12:38:37,8
923,2,40,2023-03-06 13:07:26,18
924,2,226,2023-03-09 11:52:33,6
925,2,227,2023-03-05 17:29:32,19
926,2,175,2023-03-06 19:56:52,1
927,2,433,2023-03-02 12:35:47,12
928,2,348,2023-03-05 19:58:47,12
929,2,242,2023-03-08 11:46:19,11
930,2,256,2023-03-13 19:12:38,17
931,2,216,2023-03-09 13:00:13,20
932,2,284,2023-03-06 19:58:24,10
933,2,358,2023-03-01 11:18:50,5
934,2,148,2023-03-12 19:17:24,10
935,2,149,2023-03-08 12:04:08,15
936,2,367,2023-03-08 12:47:42,18
937,2,45,2023-03-06 11:16:46,11
938,2,338,2023-03-01 11:05:10,20
939,2,66,2023-03-14 19:32:16,17
940,2,305,2023-03-01 11:09:36,7
941,2,42,2023-03-04 11:00:26,14
942,2,447,2023-03-08 19:06:37,20
943,2,320,2023-03-12 17:56:22,6
944,2,267,2023-03-04 19:19:02,3
945,2,218,2023-03-04 11:04:03,20
946,2,298,2023-03-15 19:50:41,4
947,2,204,2023-03-09 11:13:40,5
948,2,352,2023-03-10 18:10:07,13
949,2,269,2023-03-05 18:00:49,14
950,2,67,2023-03-14 18:44:35,2
951,2,76,2023-03-04 18:20:43,13
952,2,276,2023-03-01 11:10:21,2
953,2,252,2023-03-05 17:42:40,17
954,2,182,2023-03-03 19:06:28,2
955,2,48,2023-03-15 12:00:20,8
956,2,171,2023-03-02 11:08:23,1
957,2,490,2023-03-14 12:18:03,12
958,2,167,2023-03-13 18:34:51,8
959,2,77,2023-03-12 18:53:39,14
960,2,477,2023-03-07 19:02:46,6
961,2,252,2023-03-09 11:40:45,16
962,2,398,2023-03-07 17:11:32,7
963,2,349,2023-03-14 19:09:31,2
964,2,371,2023-03-04 11:37:29,6
965,2,289,2023-03-05 13:36:49,18
966,2,195,2023-03-12 11:32:33,13
967,2,460,2023-03-12 11:53:59,15
968,2,483,2023-03-13 13:05:31,7
969,2,60,2023-03-08 12:18:35,14
970,2,10,2023-03-01 17:27:37,16
971,2,64,2023-03-10 19:01:47,10
972,2,301,2023-03-10 13:45:16,20
973,2,298,2023-03-09 17:58:46,18
974,2,142,2023-03-13 12:34:51,5
975,2,131,2023-03-13 17:30:37,19
976,2,117,2023-03-09 11:19:47,13
977,2,354,2023-03-11 12:22:05,11
978,2,160,2023-03-02 11:42:08,4
979,2,470,2023-03-13 11:57:37,2
980,2,249,2023-03-12 11:56:37,2
981,2,151,2023-03-01 13:21:40,5
982,2,478,2023-03-09 11:50:19,11
983,2,139,2023-03-10 17:57:37,6
984,2,155,2023-03-03 19:50:51,16
985,2,494,2023-03-11 19:15:56,11
986,2,338,2023-03-12 13:49:40,17
987,2,135,2023-03-07 19:49:15,18
988,2,497,2023-03-04 11:24:47,9
989,2,118,2023-03-10 19:55:55,4
990,2,57,2023-03-13 12:38:13,12
991,2,238,2023-03-11 12:57:14,1
992,2,315,2023-03-05 17:05:38,1
993,2,19,2023-03-06 12:26:06,7
994,2,163,2023-03-15 13:57:19,16
995,2,120,2023-03-13 19:40:32,3
996,2,123,2023-03-06 13:05:31,10
997,2,332,2023-03-02 18:37:36,12
998,2,383,2023-03-05 13:52:47,3
999,2,49,2023-03-01 11:45:59,4
1000,2,39,2023-03-08 11:25:34,16
1001,2,168,2023-03-03 17:09:29,7
1002,2,125,2023-03-10 13:16:26,11
1003,2,337,2023-03-04 17:21:18,5
1004,2,318,2023-03-07 19:30:45,19
1005,2,163,2023-03-11 12:14:40,10
1006,2,491,2023-03-12 13:10:02,14
1007,2,457,2023-03-08 17:35:34,11
1008,2,470,2023-03-08 19:20:46,16
1009,2,384,2023-03-14 13:13:49,4
1010,2,256,2023-03-11 19:24:54,18
1011,2,266,2023-03-12 11:37:56,6
1012,2,21,2023-03-10 13:37:20,19
1013,2,220,2023-03-13 17:31:45,10
1014,2,284,2023-03-13 17:08:29,12
1015,2,398,2023-03-03 17:52:34,6
1016,2,51,2023-03-09 18:25:26,2
1017,2,212,2023-03-03 11:17:39,9
1018,2,410,2023-03-03 12:43:09,9
1019,2,414,2023-03-10 12:42:40,11
1020,2,93,2023-03-10 19:29:26,10
1021,2,369,2023-03-07 12:33:06,19
1022,2,433,2023-03-10 12:14:56,4
1023,2,276,2023-03-04 12:29:15,3
1024,2,296,2023-03-07 12:31:08,5
1025,2,202,2023-03-15 18:21:45,20
1026,2,59,2023-03-09 12:33:31,13
1027,2,363,2023-03-03 12:18:14,9
1028,2,175,2023-03-05 17:54:00,12
1029,2,320,2023-03-10 13:52:45,7
1030,2,455,2023-03-03 17:02:04,16
1031,2,289,2023-03-05 19:13:27,14
1032,2,127,2023-03-08 19:00:39,13
1033,2,78,2023-03-04 18:13:04,8
1034,2,165,2023-03-09 13:22:59,12
1035,2,289,2023-03-14 12:51:57,16
1036,2,280,2023-03-08 11:46:27,9
1037,2,293,2023-03-04 12:54:39,6
1038,2,429,2023-03-01 17:31:53,10
1039,2,190,2023-03-04 19:35:43,15
1040,2,496,2023-03-14 18:00:41,13
1041,2,422,2023-03-12 12:25:56,11
1042,2,218,2023-03-02 17:36:43,10
1043,2,73,2023-03-03 17:54:24,19
1044,2,99,2023-03-03 12:59:29,7
1045,2,184,2023-03-04 19:49:46,6
1046,2,157,2023-03-02 11:58:43,6
1047,2,284,2023-03-14 13:30:47,1
1048,2,440,2023-03-15 12:37:57,9
1049,2,432,2023-03-12 17:11:51,18
1050,2,103,2023-03-12 11:59:51,9
1051,2,477,2023-03-06 11:11:31,3
1052,2,492,2023-03-04 11:09:54,3
1053,2,256,2023-03-07 18:43:12,16
1054,2,144,2023-03-12 11:43:23,10
1055,2,248,2023-03-01 18:02:22,6
1056,2,268,2023-03-01 19:15:05,8
1057,2,460,2023-03-05 11:46:56,17
1058,2,280,2023-03-08 19:29:42,19
1059,2,460,2023-03-05 19:13:02,4
1060,2,146,2023-03-02 13:26:54,1
1061,2,204,2023-03-05 12:17:32,5
1062,2,425,2023-03-13 17:05:08,2
1063,2,10,2023-03-07 19:46:37,18
1064,2,133,2023-03-15 18:36:44,11
1065,2,124,2023-03-02 17:25:11,9
1066,2,130,2023-03-15 13:29:03,13
1067,2,29,2023-03-03 17:24:48,5
1068,2,494,2023-03-12 13:14:39,6
1069,2,161,2023-03-05 18:35:08,18
1070,2,212,2023-03-09 13:30:20,6
1071,2,374,2023-03-01 12:20:07,17
1072,2,17,2023-03-09 11:56:55,15
1073,2,453,2023-03-04 11:49:01,19
1074,2,239,2023-03-11 18:32:29,3
1075,2,100,2023-03-03 17:05:30,14
1076,2,317,2023-03-10 19:42:00,14
1077,2,27,2023-03-02 18:23:07,15
1078,2,271,2023-03-04 13:22:52,14
1079,2,299,2023-03-05 17:44:12,4
1080,2,466,2023-03-10 19:49:46,7
1081,2,358,2023-03-13 11:04:15,12
1082,2,146,2023-03-06 19:06:21,12
1083,2,326,2023-03-08 17:19:13,8
1084,2,176,2023-03-15 11:17:11,12
1085,2,17,2023-03-04 13:21:03,17
1086,2,191,2023-03-09 19:40:27,11
1087,2,246,2023-03-15 18:09:34,8
1088,2,41,2023-03-07 11:20:23,10
1089,2,471,2023-03-13 12:07:41,6
1090,2,326,2023-03-01 19:52:38,14
1091,2,212,2023-03-10 12:51:06,6
1092,2,442,2023-03-05 11:54:00,15
1093,2,466,2023-03-02 12:51:25,16
1094,2,248,2023-03-01 13:18:29,7
1095,2,299,2023-03-04 12:15:30,18
1096,2,100,2023-03-06 19:49:17,20
1097,2,128,2023-03-02 18:51:31,20
1098,2,494,2023-03-12 12:36:16,8
1099,2,92,2023-03-10 17:29:39,12
1100,2,238,2023-03-12 17:16:35,15
1101,2,488,2023-03-15 12:12:23,16
1102,2,90,2023-03-02 17:02:20,6
1103,2,237,2023-03-10 12:12:36,11
1104,2,220,2023-03-12 11:22:09,8
1105,2,168,2023-03-15 13:56:49,1
1106,2,277,2023-03-02 17:51:24,6
1107,2,58,2023-03-10 17:45:02,2
1108,2,444,2023-03-14 17:37:51,19
1109,2,493,2023-03-09 13:33:36,8
1110,2,248,2023-03-13 17:48:45,14
1111,2,198,2023-03-06 12:31:37,3
1112,2,168,2023-03-11 17:54:38,16
1113,2,227,2023-03-07 12:27:25,18
1114,2,60,2023-03-01 18:32:20,1
1115,2,380,2023-03-07 11:01:53,6
1116,2,55,2023-03-02 13:48:23,13
1117,2,418,2023-03-07 18:14:12,4
1118,2,250,2023-03-14 18:07:44,7
1119,2,277,2023-03-14 17:09:49,8
1120,2,360,2023-03-07 11:23:30,2
1121,2,130,2023-03-08 18:51:05,17
1122,2,284,2023-03-06 12:18:11,12
1123,2,224,2023-03-06 13:26:57,2
1124,2,84,2023-03-11 17:11:52,11
1125,2,498,2023-03-15 17:46:45,19
1126,2,485,2023-03-01 12:34:44,11
1127,2,92,2023-03-13 13:02:06,16
1128,2,150,2023-03-10 13:51:33,19
1129,2,100,2023-03-07 18:14:55,6
1130,2,339,2023-03-05 18:28:39,1
1131,2,5,2023-03-09 19:43:35,1
1132,2,291,2023-03-15 11:13:06,3
1133,2,493,2023-03-15 18:35:27,9
1134,2,420,2023-03-04 18:15:45,9
1135,2,481,2023-03-08 13:56:49,6
1136,2,226,2023-03-02 19:50:58,10
1137,2,35,2023-03-15 13:44:59,7
1138,2,190,2023-03-08 19:53:56,4
1139,2,191,2023-03-14 19:25:02,13
1140,2,42,2023-03-01 19:37:31,16
1141,2,384,2023-03-01 11:24:48,12
1142,2,255,2023-03-12 18:42:40,5
1143,2,135,2023-03-04 19:02:03,11
1144,2,132,2023-03-11 19:57:18,19
1145,2,4,2023-03-02 11:11:11,19
1146,2,445,2023-03-10 19:40:03,2
1147,2,456,2023-03-15 13:35:05,9
1148,2,296,2023-03-09 13:41:05,9
1149,2,145,2023-03-05 11:28:36,5
1150,2,90,2023-03-15 17:01:41,15
1151,2,499,2023-03-06 18:35:41,12
1152,2,430,2023-03-01 12:24:00,6
1153,2,361,2023-03-03 19:17:30,3
1154,2,499,2023-03-07 18:45:32,15
1155,2,288,2023-03-03 18:33:14,7
1156,2,105,2023-03-03 13:28:50,3
1157,2,406,2023-03-13 17:41:35,2
1158,2,135,2023-03-14 12:56:52,8
1159,2,154,2023-03-09 13:47:48,1
1160,2,369,2023-03-10 11:42:07,10
1161,2,222,2023-03-01 11:29:12,12
1162,2,366,2023-03-03 18:36:24,7
1163,2,181,2023-03-03 19:20:17,10
1164,2,217,2023-03-15 11:17:19,12
1165,2,235,2023-03-05 11:06:58,1
1166,2,107,2023-03-07 11:22:01,18
1167,2,152,2023-03-01 17:08:24,7
1168,2,108,2023-03-10 11:36:31,16
1169,2,468,2023-03-12 18:36:48,6
1170,2,252,2023-03-15 13:12:58,15
1171,2,249,2023-03-10 13:48:56,4
1172,2,276,2023-03-15 11:24:26,12
1173,2,255,2023-03-12 17:08:40,15
1174,2,58,2023-03-11 12:31:39,4
1175,2,20,2023-03-07 18:09:07,2
1176,2,320,2023-03-09 18:46:29,6
1177,2,146,2023-03-04 19:50:28,15
1178,2,293,2023-03-03 17:23:48,20
1179,2,137,2023-03-04 12:05:08,14
1180,2,5,2023-03-09 13:38:31,17
1181,2,210,2023-03-06 13:13:55,19
1182,2,447,2023-03-02 11:53:12,7
1183,2,105,2023-03-02 12:50:37,9
1184,2,95,2023-03-06 17:58:24,12
1185,2,403,2023-03-12 19:02:54,13
1186,2,226,2023-03-02 13:39:07,11
1187,2,476,2023-03-03 18:00:19,8
1188,2,175,2023-03-15 17:17:05,8
1189,2,291,2023-03-02 12:49:00,19
1190,2,140,2023-03-09 13:53:48,18
1191,2,323,2023-03-06 18:20:26,19
1192,2,272,2023-03-06 13:35:19,12
1193,2,278,2023-03-09 17:20:45,19
1194,2,67,2023-03-08 12:42:07,20
1195,2,478,2023-03-04 12:35:17,4
1196,2,380,2023-03-15 17:21:23,12
1197,2,91,2023-03-05 11:47:50,16
1198,2,241,2023-03-02 12:41:45,13
1199,2,108,2023-03-03 18:42:50,9
1200,2,8,2023-03-08 17:58:25,11
1201,3,201,2023-03-03 17:32:38,9
1202,3,202,2023-03-03 19:38:27,19
1203,3,203,2023-03-13 17:08:11,1
1204,3,204,2023-03-11 19:00:10,16
1205,3,205,2023-03-07 11:25:00,6
1206,3,206,2023-03-13 13:07:12,4
1207,3,207,2023-03-11 13:43:07,16
1208,3,208,2023-03-03 17:19:50,20
1209,3,209,2023-03-01 19:46:02,2
1210,3,210,2023-03-13 17:35:24,18
1211,3,211,2023-03-07 11:07:12,9
1212,3,212,2023-03-03 17:46:05,19
1213,3,213,2023-03-09 12:49:40,16
1214,3,214,2023-03-15 17:57:11,9
1215,3,215,2023-03-09 18:00:51,5
1216,3,216,2023-03-01 13:20:23,18
1217,3,217,2023-03-10 18:29:13,14
1218,3,218,2023-03-07 19:21:12,3
1219,3,219,2023-03-15 12:09:26,19
1220,3,220,2023-03-11 17:15:56,5
1221,3,221,2023-03-14 12:57:37,17
1222,3,222,2023-03-12 11:47:31,19
1223,3,223,2023-03-08 17:20:35,18
1224,3,224,2023-03-02 18:28:54,1
1225,3,225,2023-03-11 19:03:52,12
1226,3,226,2023-03-05 13:31:35,9
1227,3,227,2023-03-04 11:35:55,18
1228,3,228,2023-03-02 11:26:06,18
1229,3,229,2023-03-09 12:52:27,5
1230,3,230,2023-03-08 19:08:24,8
1231,3,231,2023-03-02 17:53:08,7
1232,3,232,2023-03-08 18:08:15,6
1233,3,233,2023-03-11 13:10:28,17
1234,3,234,2023-03-01 19:43:25,2
1235,3,235,2023-03-07 18:48:26,5
1236,3,236,2023-03-01 11:35:02,10
1237,3,237,2023-03-01 12:55:23,15
1238,3,238,2023-03-03 18:35:59,5
1239,3,239,2023-03-11 12:18:47,20
1240,3,240,2023-03-02 11:12:40,13
1241,3,241,2023-03-02 18:38:29,15
1242,3,242,2023-03-13 11:59:45,11
1243,3,243,2023-03-07 17:43:35,7
1244,3,244,2023-03-04 11:17:29,19
1245,3,245,2023-03-15 17:18:37,7
1246,3,246,2023-03-10 11:38:42,18
1247,3,247,2023-03-06 12:26:55,18
1248,3,248,2023-03-09 17:04:17,1
1249,3,249,2023-03-03 17:31:08,12
1250,3,250,2023-03-05 12:24:09,10
1251,3,251,2023-03-05 19:16:50,12
1252,3,252,2023-03-07 18:33:36,9
1253,3,253,2023-03-05 13:41:18,8
1254,3,254,2023-03-05 18:08:03,1
1255,3,255,2023-03-02 19:36:36,9
1256,3,256,2023-03-14 18:00:27,6
1257,3,257,2023-03-13 17:19:17,19
1258,3,258,2023-03-14 19:29:09,1
1259,3,259,2023-03-13 12:15:48,13
1260,3,260,2023-03-05 18:28:39,1
1261,3,261,2023-03-06 13:48:28,19
1262,3,262,2023-03-05 17:43:31,10
1263,3,263,2023-03-11 18:07:40,2
1264,3,264,2023-03-07 12:23:46,14
1265,3,265,2023-03-09 13:03:19,10
1266,3,266,2023-03-05 19:35:08,11
1267,3,267,2023-03-04 13:26:30,4
1268,3,268,2023-03-12 18:01:25,9
1269,3,269,2023-03-08 19:36:32,9
1270,3,270,2023-03-14 18:31:10,20
1271,3,271,2023-03-01 12:54:01,6
1272,3,272,2023-03-06 17:25:32,18
1273,3,273,2023-03-15 17:31:06,16
1274,3,274,2023-03-14 17:31:59,19
1275,3,275,2023-03-02 11:55:17,13
1276,3,276,2023-03-09 18:01:02,8
1277,3,277,2023-03-03 18:19:27,14
1278,3,278,2023-03-01 18:26:26,1
1279,3,279,2023-03-06 18:57:24,19
1280,3,280,2023-03-15 13:07:26,6
1281,3,281,2023-03-13 12:00:56,15
1282,3,282,2023-03-01 19:45:23,14
1283,3,283,2023-03-01 11:37:12,3
1284,3,284,2023-03-14 19:13:39,9
1285,3,285,2023-03-09 12:07:40,10
1286,3,286,2023-03-01 18:11:52,9
1287,3,287,2023-03-01 12:52:00,19
1288,3,288,2023-03-03 13:43:37,11
1289,3,289,2023-03-08 11:22:12,17
1290,3,290,2023-03-05 18:54:28,16
1291,3,291,2023-03-05 11:02:07,20
1292,3,292,2023-03-01 13:58:47,12
1293,3,293,2023-03-13 11:02:00,16
1294,3,294,2023-03-12 18:59:33,14
1295,3,295,2023-03-05 13:49:45,20
1296,3,296,2023-03-01 13:30:38,16
1297,3,297,2023-03-11 18:23:47,18
1298,3,298,2023-03-01 11:52:08,7
1299,3,299,2023-03-07 13:55:12,7
1300,3,300,2023-03-03 17:17:36,9
1301,3,385,2023-03-14 12:30:20,3
1302,3,146,2023-03-11 17:10:46,9
1303,3,111,2023-03-01 19:15:18,2
1304,3,173,2023-03-06 17:48:20,3
1305,3,301,2023-03-15 17:51:55,7
1306,3,426,2023-03-06 18:49:45,12
1307,3,469,2023-03-07 18:36:46,18
1308,3,170,2023-03-08 11:38:45,5
1309,3,422,2023-03-07 11:02:34,12
1310,3,29,2023-03-15 11:14:25,14
1311,3,93,2023-03-11 18:30:31,8
1312,3,388,2023-03-01 12:34:35,3
1313,3,332,2023-03-07 11:18:39,8
1314,3,291,2023-03-07 17:08:21,4
1315,3,208,2023-03-06 12:53:11,3
1316,3,187,2023-03-04 12:05:57,6
1317,3,147,2023-03-07 17:22:59,15
1318,3,57,2023-03-12 11:41:10,6
1319,3,9,2023-03-02 19:34:56,12
1320,3,199,2023-03-13 17:15:44,2
1321,3,305,2023-03-06 13:02:16,4
1322,3,468,2023-03-13 17:24:34,9
1323,3,200,2023-03-05 11:39:52,18
1324,3,448,2023-03-13 12:23:31,18
1325,3,181,2023-03-14 17:29:01,14
1326,3,146,2023-03-04 19:37:40,20
1327,3,306,2023-03-09 19:15:33,6
1328,3,428,2023-03-15 12:42:35,2
1329,3,305,2023-03-14 19:54:41,2
1330,3,323,2023-03-11 18:50:52,3
1331,3,424,2023-03-08 11:41:43,7
1332,3,97,2023-03-02 11:28:58,7
1333,3,253,2023-03-10 13:56:47,3
1334,3,155,2023-03-05 19:01:04,18
1335,3,121,2023-03-14 11:01:23,6
1336,3,445,2023-03-12 17:23:21,9
1337,3,72,2023-03-03 13:08:11,14
1338,3,333,2023-03-08 19:31:14,13
1339,3,43,2023-03-07 12:14:38,20
1340,3,467,2023-03-01 19:37:03,13
1341,3,12,2023-03-09 17:44:01,17
1342,3,214,2023-03-09 11:28:18,3
1343,3,193,2023-03-11 17:14:13,13
1344,3,95,2023-03-03 19:09:53,17
1345,3,300,2023-03-03 11:28:45,2
1346,3,39,2023-03-02 12:36:07,2
1347,3,288,2023-03-14 18:09:05,12
1348,3,351,2023-03-07 11:11:04,7
1349,3,59,2023-03-11 12:06:17,17
1350,3,459,2023-03-13 18:37:45,2
1351,3,496,2023-03-14 11:45:18,9
1352,3,441,2023-03-04 19:05:11,11
1353,3,430,2023-03-08 13:05:08,5
1354,3,313,2023-03-04 17:38:18,19
1355,3,373,2023-03-06 17:00:22,15
1356,3,107,2023-03-05 18:48:44,6
1357,3,55,2023-03-07 13:59:33,4
1358,3,324,2023-03-09 13:04:31,5
1359,3,158,2023-03-02 12:34:48,1
1360,3,497,2023-03-08 12:08:17,4
1361,3,307,2023-03-05 12:56:05,11
1362,3,182,2023-03-03 19:13:14,5
1363,3,350,2023-03-07 12:19:21,13
1364,3,186,2023-03-01 12:30:09,17
1365,3,167,2023-03-07 19:26:01,14
1366,3,243,2023-03-15 17:32:16,16
1367,3,84,2023-03-03 18:12:54,6
1368,3,418,2023-03-08 18:35:09,13
1369,3,495,2023-03-10 11:49:49,8
1370,3,195,2023-03-13 13:52:01,10
1371,3,269,2023-03-06 19:10:02,20
1372,3,449,2023-03-01 11:12:34,5
1373,3,46,2023-03-11 17:10:04,20
1374,3,134,2023-03-11 18:26:07,12
1375,3,16,2023-03-11 18:46:56,18
1376,3,136,2023-03-04 13:31:10,11
1377,3,387,2023-03-09 19:32:16,19
1378,3,389,2023-03-10 13:27:32,1
1379,3,228,2023-03-14 18:50:03,13
1380,3,64,2023-03-12 19:50:41,20
1381,3,369,2023-03-05 11:08:29,4
1382,3,352,2023-03-15 18:23:33,20
1383,3,46,2023-03-06 18:55:53,2
1384,3,97,2023-03-10 12:32:03,7
1385,3,373,2023-03-05 11:46:32,10
1386,3,405,2023-03-04 19:06:09,12
1387,3,141,2023-03-13 17:02:44,4
1388,3,263,2023-03-08 13:41:22,5
1389,3,14,2023-03-07 12:21:16,10
1390,3,100,2023-03-12 19:28:57,13
1391,3,493,2023-03-03 18:52:46,19
1392,3,387,2023-03-09 13:17:36,14
1393,3,250,2023-03-15 17:14:25,11
1394,3,325,2023-03-06 18:49:33,8
1395,3,475,2023-03-12 19:35:54,2
1396,3,16,2023-03-03 13:09:48,6
1397,3,468,2023-03-13 18:59:50,4
1398,3,465,2023-03-02 18:50:18,9
1399,3,86,2023-03-08 18:22:37,18
1400,3,413,2023-03-11 18:40:53,10
1401,3,41,2023-03-03 18:00:57,4
1402,3,420,2023-03-10 11:53:27,13
1403,3,341,2023-03-04 19:09:48,8
1404,3,468,2023-03-05 11:57:01,8
1405,3,63,2023-03-10 17:35:26,18
1406,3,257,2023-03-08 18:07:26,17
1407,3,76,2023-03-13 19:52:04,16
1408,3,195,2023-03-02 11:16:58,9
1409,3,378,2023-03-01 11:25:11,6
1410,3,197,2023-03-14 12:38:21,16
1411,3,337,2023-03-09 19:44:16,1
1412,3,291,2023-03-10 11:40:13,10
1413,3,195,2023-03-11 13:21:33,3
1414,3,258,2023-03-13 13:54:07,18
1415,3,27,2023-03-07 17:33:28,11
1416,3,315,2023-03-13 19:40:14,19
1417,3,223,2023-03-05 11:50:44,9
1418,3,416,2023-03-10 12:55:10,11
1419,3,456,2023-03-06 11:28:09,19
1420,3,41,2023-03-07 12:46:11,15
1421,3,302,2023-03-07 13:25:47,5
1422,3,63,2023-03-01 19:24:00,1
1423,3,347,2023-03-01 11:07:08,20
1424,3,254,2023-03-11 19:14:26,2
1425,3,419,2023-03-04 12:35:22,16
1426,3,46,2023-03-05 19:19:13,12
1427,3,279,2023-03-01 17:55:31,11
1428,3,444,2023-03-13 19:16:24,13
1429,3,41,2023-03-02 17:51:24,15
1430,3,388,2023-03-09 11:40:17,17
1431,3,104,2023-03-05 12:35:28,10
1432,3,335,2023-03-07 12:08:18,10
1433,3,346,2023-03-15 12:56:18,7
1434,3,121,2023-03-14 13:42:42,16
1435,3,73,2023-03-04 13:53:37,17
1436,3,269,2023-03-06 12:20:14,17
1437,3,481,2023-03-03 19:51:41,20
1438,3,347,2023-03-10 18:35:37,11
1439,3,377,2023-03-03 12:57:14,11
1440,3,24,2023-03-14 19:41:36,8
1441,3,398,2023-03-04 18:52:24,5
1442,3,280,2023-03-06 13:43:25,3
1443,3,3,2023-03-11 13:04:45,14
1444,3,19,2023-03-01 17:54:23,2
1445,3,5,2023-03-06 19:20:47,15
1446,3,26,2023-03-10 11:22:10,10
1447,3,60,2023-03-11 18:01:56,9
1448,3,239,2023-03-03 12:08:54,4
1449,3,416,2023-03-07 13:19:00,1
1450,3,360,2023-03-07 18:06:30,19
1451,3,52,2023-03-03 12:53:16,18
1452,3,264,2023-03-14 17:09:11,8
1453,3,46,2023-03-12 18:30:10,15
1454,3,357,2023-03-07 18:15:24,16
1455,3,275,2023-03-09 13:36:30,17
1456,3,244,2023-03-15 17:23:42,7
1457,3,320,2023-03-05 12:40:53,17
1458,3,418,2023-03-10 12:01:20,19
1459,3,380,2023-03-14 19:15:52,16
1460,3,278,2023-03-07 18:02:44,6
1461,3,117,2023-03-15 18:09:17,2
1462,3,247,2023-03-13 11:05:46,5
1463,3,256,2023-03-04 12:15:10,13
1464,3,345,2023-03-05 13:51:20,17
1465,3,20,2023-03-01 12:16:19,10
1466,3,43,2023-03-13 18:00:32,9
1467,3,201,2023-03-04 13:19:11,20
1468,3,254,2023-03-13 18:46:56,9
1469,3,397,2023-03-13 13:56:42,9
1470,3,141,2023-03-15 12:02:13,10
1471,3,86,2023-03-01 13:08:52,18
1472,3,262,2023-03-13 13:54:14,8
1473,3,329,2023-03-01 19:41:18,11
1474,3,339,2023-03-15 11:31:56,13
1475,3,267,2023-03-04 19:54:16,6
1476,3,282,2023-03-03 13:01:49,6
1477,3,460,2023-03-01 19:48:59,10
1478,3,432,2023-03-06 17:08:25,19
1479,3,11,2023-03-15 12:53:02,1
1480,3,385,2023-03-09 11:45:29,17
1481,3,222,2023-03-05 19:21:06,2
1482,3,369,2023-03-03 19:16:44,7
1483,3,54,2023-03-10 11:36:20,1
1484,3,454,2023-03-03 13:01:11,14
1485,3,359,2023-03-06 19:19:26,13
1486,3,490,2023-03-10 13:31:00,12
1487,3,315,2023-03-15 12:48:53,14
1488,3,368,2023-03-13 18:59:16,12
1489,3,263,2023-03-05 11:56:29,14
1490,3,165,2023-03-05 13:58:37,10
1491,3,177,2023-03-10 13:33:42,7
1492,3,11,2023-03-01 13:32:14,18
1493,3,64,2023-03-01 18:21:08,2
1494,3,401,2023-03-12 12:10:57,8
1495,3,277,2023-03-11 17:00:09,19
1496,3,76,2023-03-11 18:30:12,4
1497,3,483,2023-03-02 19:31:28,10
1498,3,351,2023-03-15 11:16:03,9
1499,3,235,2023-03-15 18:04:46,2
1500,3,250,2023-03-03 17:05:35,17
1501,3,300,2023-03-08 11:07:01,11
1502,3,75,2023-03-07 19:06:04,15
1503,3,188,2023-03-08 13:27:28,19
1504,3,260,2023-03-01 13:13:02,10
1505,3,117,2023-03-08 19:53:01,3
1506,3,217,2023-03-11 12:04:02,9
1507,3,248,2023-03-04 11:33:34,5
1508,3,187,2023-03-01 19:38:57,10
1509,3,455,2023-03-12 18:04:48,1
1510,3,113,2023-03-08 12:01:57,6
1511,3,70,2023-03-06 17:35:30,5
1512,3,310,2023-03-01 13:59:07,20
1513,3,321,2023-03-09 19:26:17,17
1514,3,186,2023-03-15 11:03:50,9
1515,3,245,2023-03-11 12:04:31,18
1516,3,393,2023-03-13 13:54:52,7
1517,3,46,2023-03-08 18:02:04,7
1518,3,122,2023-03-06 17:09:45,20
1519,3,231,2023-03-14 12:32:12,19
1520,3,477,2023-03-10 11:55:49,7
1521,3,310,2023-03-08 13:35:32,2
1522,3,32,2023-03-13 13:11:30,20
1523,3,159,2023-03-07 13:14:49,7
1524,3,159,2023-03-01 18:41:36,1
1525,3,171,2023-03-10 18:09:11,15
1526,3,427,2023-03-09 17:19:04,10
1527,3,217,2023-03-04 19:16:34,2
1528,3,105,2023-03-06 13:01:53,18
1529,3,320,2023-03-10 11:47:39,14
1530,3,296,2023-03-06 17:53:36,7
1531,3,87,2023-03-01 17:58:29,11
1532,3,301,2023-03-13 18:41:15,13
1533,3,193,2023-03-09 18:54:38,4
1534,3,10,2023-03-08 18:47:42,17
1535,3,461,2023-03-14 11:11:33,13
1536,3,438,2023-03-01 11:00:35,6
1537,3,306,2023-03-03 17:57:04,13
1538,3,128,2023-03-07 11:30:51,13
1539,3,73,2023-03-10 17:55:07,16
1540,3,401,2023-03-01 19:40:14,5
1541,3,24,2023-03-08 17:45:21,13
1542,3,165,2023-03-05 17:21:39,16
1543,3,215,2023-03-08 13:34:28,20
1544,3,174,2023-03-06 12:53:58,11
1545,3,262,2023-03-05 19:15:35,4
1546,3,291,2023-03-05 17:53:04,13
1547,3,48,2023-03-02 13:09:34,7
1548,3,111,2023-03-09 19:28:31,20
1549,3,355,2023-03-01 12:22:32,3
1550,3,426,2023-03-06 18:42:39,9
1551,3,99,2023-03-08 17:28:27,5
1552,3,139,2023-03-04 18:03:03,17
1553,3,19,2023-03-04 12:30:40,4
1554,3,100,2023-03-03 12:12:17,18
1555,3,386,2023-03-01 19:48:59,10
1556,3,402,2023-03-12 18:10:13,17
1557,3,34,2023-03-12 12:09:40,20
1558,3,11,2023-03-02 12:33:34,7
1559,3,346,2023-03-06 11:12:49,6
1560,3,2,2023-03-05 12:34:41,7
1561,3,24,2023-03-04 18:06:21,19
1562,3,86,2023-03-09 13:14:20,11
1563,3,437,2023-03-10 19:59:52,2
1564,3,256,2023-03-11 13:25:33,16
1565,3,454,2023-03-01 17:06:29,4
1566,3,440,2023-03-02 17:00:08,11
1567,3,155,2023-03-12 11:12:09,13
1568,3,378,2023-03-15 17:34:12,3
1569,3,137,2023-03-08 19:15:44,6
1570,3,114,2023-03-04 12:54:27,11
1571,3,113,2023-03-15 17:58:24,14
1572,3,168,2023-03-13 17:34:59,9
1573,3,30,2023-03-07 18:53:29,16
1574,3,434,2023-03-04 19:03:06,16
1575,3,441,2023-03-12 17:08:40,5
1576,3,37,2023-03-05 13:16:25,13
1577,3,397,2023-03-07 11:41:14,19
1578,3,152,2023-03-04 11:21:00,18
1579,3,303,2023-03-01 11:10:53,11
1580,3,451,2023-03-05 18:39:57,12
1581,3,94,2023-03-05 11:29:14,3
1582,3,245,2023-03-13 18:17:14,10
1583,3,155,2023-03-07 18:53:40,13
1584,3,13,2023-03-04 12:35:00,1
1585,3,440,2023-03-14 11:58:28,1
1586,3,93,2023-03-15 13:28:58,6
1587,3,418,2023-03-07 13:11:00,3
1588,3,274,2023-03-03 13:59:52,13
1589,3,79,2023-03-12 17:26:06,16
1590,3,381,2023-03-15 19:27:05,10
1591,3,211,2023-03-15 11:04:10,20
1592,3,212,2023-03-12 19:26:20,14
1593,3,339,2023-03-12 12:48:47,11
1594,3,410,2023-03-07 17:33:31,5
1595,3,478,2023-03-09 11:42:18,1
1596,3,203,2023-03-03 17:24:44,18
1597,3,368,2023-03-15 19:03:14,15
1598,3,408,2023-03-11 11:20:53,10
1599,3,210,2023-03-15 19:15:34,7
1600,3,481,2023-03-03 11:57:30,4
1601,3,292,2023-03-09 18:06:32,14
1602,3,44,2023-03-07 13:38:45,20
1603,3,300,2023-03-09 17:30:26,8
1604,3,141,2023-03-06 13:37:30,13
1605,3,343,2023-03-15 11:42:19,6
1606,3,19,2023-03-03 11:06:49,15
1607,3,37,2023-03-02 17:37:35,3
1608,3,371,2023-03-02 18:58:02,17
1609,3,123,2023-03-10 13:58:28,19
1610,3,228,2023-03-08 17:15:53,8
1611,3,93,2023-03-01 19:04:00,14
1612,3,350,2023-03-01 12:06:40,10
1613,3,120,2023-03-11 17:43:29,17
1614,3,71,2023-03-06 13:35:06,19
1615,3,257,2023-03-08 11:56:09,13
1616,3,359,2023-03-08 12:47:26,20
1617,3,230,2023-03-04 17:52:38,12
1618,3,442,2023-03-03 12:51:17,3
1619,3,372,2023-03-12 12:39:58,4
1620,3,188,2023-03-05 17:03:37,13
1621,3,451,2023-03-15 12:19:32,5
1622,3,45,2023-03-14 13:49:20,13
1623,3,401,2023-03-15 19:59:27,13
1624,3,220,2023-03-06 18:18:17,7
1625,3,433,2023-03-14 13:41:25,16
1626,3,387,2023-03-11 11:50:58,12
1627,3,204,2023-03-13 18:27:01,18
1628,3,229,2023-03-05 17:18:13,10
1629,3,226,2023-03-13 13:20:35,7
1630,3,431,2023-03-09 11:55:56,15
1631,3,361,2023-03-08 19:07:14,12
1632,3,319,2023-03-05 13:50:42,1
1633,3,238,2023-03-03 13:12:44,14
1634,3,166,2023-03-14 18:18:43,8
1635,3,110,2023-03-12 18:21:54,17
1636,3,301,2023-03-07 18:25:50,7
1637,3,349,2023-03-15 19:28:08,9
1638,3,238,2023-03-15 19:27:03,3
1639,3,24,2023-03-10 12:10:29,3
1640,3,339,2023-03-15 18:39:39,15
1641,3,351,2023-03-12 11:04:02,9
1642,3,341,2023-03-10 19:10:38,17
1643,3,383,2023-03-14 17:17:18,9
1644,3,80,2023-03-07 13:57:24,15
1645,3,427,2023-03-11 18:11:16,14
1646,3,106,2023-03-03 11:44:20,6
1647,3,254,2023-03-07 11:32:10,13
1648,3,179,2023-03-13 18:35:58,6
1649,3,316,2023-03-08 12:23:08,3
1650,3,131,2023-03-03 13:04:56,4
1651,3,174,2023-03-13 13:20:27,10
1652,3,25,2023-03-13 19:41:39,10
1653,3,166,2023-03-14 13:00:23,11
1654,3,251,2023-03-10 17:44:39,17
1655,3,83,2023-03-05 13:23:59,18
1656,3,455,2023-03-03 18:01:43,12
1657,3,481,2023-03-07 12:02:37,8
1658,3,401,2023-03-15 17:06:26,8
1659,3,370,2023-03-08 17:51:32,15
1660,3,456,2023-03-07 17:34:25,13
1661,3,174,2023-03-10 12:13:56,3
1662,3,9,2023-03-12 17:12:01,7
1663,3,231,2023-03-13 17:49:46,20
1664,3,6,2023-03-02 11:52:49,11
1665,3,478,2023-03-09 17:09:57,3
1666,3,218,2023-03-07 19:45:39,9
1667,3,40,2023-03-02 18:18:03,12
1668,3,285,2023-03-04 18:23:04,9
1669,3,48,2023-03-15 13:49:13,14
1670,3,368,2023-03-02 11:30:09,7
1671,3,198,2023-03-01 17:45:50,19
1672,3,150,2023-03-10 11:07:22,20
1673,3,52,2023-03-02 17:34:49,18
1674,3,87,2023-03-01 17:52:27,5
1675,3,384,2023-03-13 19:55:16,18
1676,3,363,2023-03-05 18:26:29,3
1677,3,284,2023-03-12 17:18:37,9
1678,3,321,2023-03-04 19:59:37,7
1679,3,408,2023-03-04 12:23:55,5
1680,3,357,2023-03-05 11:47:18,16
1681,3,355,2023-03-06 11:00:42,1
1682,3,152,2023-03-01 19:57:25,19
1683,3,89,2023-03-06 13:00:57,14
1684,3,49,2023-03-13 17:41:01,2
1685,3,483,2023-03-09 17:47:23,15
1686,3,403,2023-03-10 11:16:22,18
1687,3,493,2023-03-14 18:45:54,12
1688,3,456,2023-03-14 11:21:43,1
1689,3,364,2023-03-14 11:47:44,2
1690,3,120,2023-03-06 13:47:17,4
1691,3,295,2023-03-12 12:17:29,4
1692,3,351,2023-03-01 19:47:58,11
1693,3,132,2023-03-01 18:53:07,6
1694,3,57,2023-03-02 19:14:31,3
1695,3,219,2023-03-03 13:53:20,4
1696,3,382,2023-03-03 11:58:37,13
1697,3,284,2023-03-03 17:36:41,16
1698,3,500,2023-03-12 11:58:28,9
1699,3,175,2023-03-10 18:54:55,2
1700,3,236,2023-03-10 12:55:20,5
1701,3,358,2023-03-12 12:17:07,3
1702,3,179,2023-03-07 18:02:10,18
1703,3,175,2023-03-08 18:37:26,2
1704,3,443,2023-03-03 13:15:41,5
1705,3,29,2023-03-05 13:39:53,18
1706,3,352,2023-03-13 13:09:40,2
1707,3,420,2023-03-12 19:31:36,11
1708,3,25,2023-03-05 18:46:06,10
1709,3,396,2023-03-01 13:46:12,6
1710,3,73,2023-03-05 12:26:15,16
1711,3,350,2023-03-06 17:07:21,14
1712,3,203,2023-03-07 19:09:27,7
1713,3,96,2023-03-06 12:15:33,6
1714,3,481,2023-03-05 17:05:30,5
1715,3,423,2023-03-10 13:33:24,7
1716,3,269,2023-03-06 17:41:23,17
1717,3,319,2023-03-09 17:04:06,11
1718,3,442,2023-03-10 19:25:15,3
1719,3,90,2023-03-07 19:11:53,20
1720,3,268,2023-03-15 18:07:24,4
1721,3,244,2023-03-08 17:19:40,17
1722,3,301,2023-03-09 19:13:10,16
1723,3,15,2023-03-11 11:38:55,7
1724,3,237,2023-03-02 11:11:03,16
1725,3,356,2023-03-12 19:23:38,19
1726,3,313,2023-03-14 13:52:00,1
1727,3,17,2023-03-13 19:51:40,6
1728,3,26,2023-03-15 18:47:38,19
1729,3,116,2023-03-10 13:14:07,11
1730,3,24,2023-03-11 19:15:00,15
1731,3,343,2023-03-07 11:18:58,4
1732,3,69,2023-03-14 13:01:19,13
1733,3,328,2023-03-14 19:03:33,2
1734,3,455,2023-03-10 19:10:39,11
1735,3,236,2023-03-11 18:12:50,1
1736,3,458,2023-03-09 18:23:15,14
1737,3,1,2023-03-04 11:18:43,10
1738,3,35,2023-03-07 13:45:32,5
1739,3,308,2023-03-14 11:32:24,7
1740,3,66,2023-03-07 12:47:27,10
1741,3,133,2023-03-02 13:44:17,3
1742,3,262,2023-03-04 11:00:06,15
1743,3,374,2023-03-10 17:48:10,1
1744,3,140,2023-03-14 19:04:00,6
1745,3,307,2023-03-14 18:50:30,1
1746,3,397,2023-03-14 11:07:23,1
1747,3,74,2023-03-06 11:53:22,14
1748,3,59,2023-03-10 19:14:07,13
1749,3,127,2023-03-05 19:24:53,8
1750,3,404,2023-03-01 17:25:22,14
1751,3,437,2023-03-12 19:18:58,12
1752,3,155,2023-03-05 18:22:44,17
1753,3,361,2023-03-11 11:36:29,9
1754,3,319,2023-03-11 18:22:24,9
1755,3,186,2023-03-07 17:52:21,2
1756,3,90,2023-03-13 17:56:17,18
1757,3,295,2023-03-10 11:15:26,8
1758,3,138,2023-03-08 18:31:42,9
1759,3,101,2023-03-13 13:45:15,6
1760,3,80,2023-03-04 17:43:22,17
1761,3,297,2023-03-06 17:43:58,17
1762,3,74,2023-03-01 13:02:17,13
1763,3,314,2023-03-08 13:56:41,19
1764,3,200,2023-03-07 12:44:44,6
1765,3,381,2023-03-11 13:59:09,2
1766,3,8,2023-03-04 19:54:55,9
1767,3,455,2023-03-07 19:55:42,13
1768,3,37,2023-03-09 18:02:19,2
1769,3,139,2023-03-03 13:14:48,15
1770,3,486,2023-03-15 17:01:08,17
1771,3,456,2023-03-07 19:52:07,6
1772,3,489,2023-03-06 13:05:52,4
1773,3,326,2023-03-03 19:20:06,12
1774,3,185,2023-03-02 17:21:22,3
1775,3,77,2023-03-15 12:03:49,14
1776,3,354,2023-03-09 19:30:05,16
1777,3,476,2023-03-01 13:35:00,7
1778,3,114,2023-03-06 19:25:48,19
1779,3,35,2023-03-09 12:17:15,6
1780,3,234,2023-03-06 11:47:41,19
1781,3,213,2023-03-06 12:24:39,10
1782,3,332,2023-03-14 17:22:51,19
1783,3,456,2023-03-08 11:17:51,5
1784,3,285,2023-03-14 11:01:20,16
1785,3,461,2023-03-07 12:45:50,4
1786,3,113,2023-03-06 11:33:24,17
1787,3,86,2023-03-13 17:45:27,19
1788,3,469,2023-03-05 18:53:53,2
1789,3,300,2023-03-10 19:07:26,18
1790,3,274,2023-03-02 17:06:08,14
1791,3,483,2023-03-04 12:40:58,16
1792,3,374,2023-03-06 17:07:29,8
1793,3,467,2023-03-03 19:58:54,4
1794,3,67,2023-03-07 19:03:39,1
1795,3,384,2023-03-14 17:36:38,4
1796,3,298,2023-03-14 17:28:59,12
1797,3,24,2023-03-13 17:20:13,13
1798,3,69,2023-03-03 19:14:37,13
1799,3,370,2023-03-12 11:43:17,20
1800,3,428,2023-03-13 18:25:15,5
1801,4,301,2023-03-11 11:42:06,11
1802,4,302,2023-03-08 12:02:14,7
1803,4,303,2023-03-02 18:49:37,18
1804,4,304,2023-03-09 13:59:14,2
1805,4,305,2023-03-01 17:57:29,3
1806,4,306,2023-03-11 12:59:46,16
1807,4,307,2023-03-06 18:18:08,7
1808,4,308,2023-03-11 12:25:39,19
1809,4,309,2023-03-11 12:03:50,3
1810,4,310,2023-03-06 13:24:29,2
1811,4,311,2023-03-03 19:10:44,2
1812,4,312,2023-03-11 13:08:47,12
1813,4,313,2023-03-04 18:48:14,8
1814,4,314,2023-03-04 18:52:58,8
1815,4,315,2023-03-02 17:53:56,5
1816,4,316,2023-03-13 12:23:28,13
1817,4,317,2023-03-01 13:34:48,6
1818,4,318,2023-03-04 18:20:57,3
1819,4,319,2023-03-11 13:46:41,7
1820,4,320,2023-03-10 18:16:57,12
1821,4,321,2023-03-03 18:01:09,2
1822,4,322,2023-03-12 12:38:15,16
1823,4,323,2023-03-09 13:52:07,18
1824,4,324,2023-03-03 18:07:18,4
1825,4,325,2023-03-06 17:10:30,9
1826,4,326,2023-03-03 19:11:15,20
1827,4,327,2023-03-13 11:27:34,4
1828,4,328,2023-03-13 18:16:26,20
1829,4,329,2023-03-06 11:05:08,9
1830,4,330,2023-03-08 13:09:17,17
1831,4,331,2023-03-12 13:22:57,9
1832,4,332,2023-03-13 12:03:19,17
1833,4,333,2023-03-07 18:04:22,9
1834,4,334,2023-03-11 18:54:30,14
1835,4,335,2023-03-03 17:07:07,17
1836,4,336,2023-03-14 11:52:56,16
1837,4,337,2023-03-06 12:41:32,7
1838,4,338,2023-03-14 18:06:07,15
1839,4,339,2023-03-09 18:10:16,2
1840,4,340,2023-03-04 18:04:15,9
1841,4,341,2023-03-06 17:29:03,7
1842,4,342,2023-03-12 11:43:42,5
1843,4,343,2023-03-10 12:10:44,5
1844,4,344,2023-03-08 11:10:40,1
1845,4,345,2023-03-10 17:22:07,17
1846,4,346,2023-03-05 17:36:13,7
1847,4,347,2023-03-05 12:26:07,6
1848,4,348,2023-03-11 17:26:47,9
1849,4,349,2023-03-06 13:10:09,5
1850,4,350,2023-03-04 11:33:22,11
1851,4,351,2023-03-08 12:43:46,3
1852,4,352,2023-03-02 12:10:28,17
1853,4,353,2023-03-15 13:10:16,18
1854,4,354,2023-03-02 19:08:39,15
1855,4,355,2023-03-01 13:13:36,17
1856,4,356,2023-03-07 12:35:04,18
1857,4,357,2023-03-08 17:08:14,18
1858,4,358,2023-03-06 13:34:39,14
1859,4,359,2023-03-12 19:28:35,11
1860,4,360,2023-03-02 17:27:16,16
1861,4,361,2023-03-12 11:25:18,13
1862,4,362,2023-03-05 19:51:25,13
1863,4,363,2023-03-02 18:34:27,1
1864,4,364,2023-03-12 13:55:30,9
1865,4,365,2023-03-01 19:00:41,9
1866,4,366,2023-03-11 12:49:12,6
1867,4,367,2023-03-08 19:10:30,8
1868,4,368,2023-03-05 17:40:07,9
1869,4,369,2023-03-14 18:00:40,2
1870,4,370,2023-03-04 13:20:12,8
1871,4,371,2023-03-04 17:54:56,14
1872,4,372,2023-03-12 13:54:48,14
1873,4,373,2023-03-01 12:32:14,19
1874,4,374,2023-03-04 12:03:21,4
1875,4,375,2023-03-02 11:32:10,20
1876,4,376,2023-03-01 17:43:54,13
1877,4,377,2023-03-14 12:17:23,3
1878,4,378,2023-03-14 11:25:29,8
1879,4,379,2023-03-04 18:10:52,2
1880,4,380,2023-03-14 17:49:36,3
1881,4,381,2023-03-01 12:44:36,7
1882,4,382,2023-03-15 12:22:52,19
1883,4,383,2023-03-12 18:00:09,16
1884,4,384,2023-03-09 19:09:41,2
1885,4,385,2023-03-09 12:29:20,3
1886,4,386,2023-03-04 13:46:48,12
1887,4,387,2023-03-08 19:55:53,1
1888,4,388,2023-03-02 18:18:44,16
1889,4,389,2023-03-05 18:36:47,19
1890,4,390,2023-03-08 11:51:35,12
1891,4,391,2023-03-07 18:39:13,12
1892,4,392,2023-03-03 18:18:36,16
1893,4,393,2023-03-13 18:30:23,16
1894,4,394,2023-03-09 12:52:09,16
1895,4,395,2023-03-07 19:35:36,7
1896,4,396,2023-03-07 17:15:10,6
1897,4,397,2023-03-04 19:10:19,5
1898,4,398,2023-03-09 13:29:44,18
1899,4,399,2023-03-02 13:26:58,15
1900,4,400,2023-03-10 11:13:21,1
1901,4,498,2023-03-08 18:14:56,18
1902,4,53,2023-03-15 12:07:09,13
1903,4,125,2023-03-15 12:10:40,16
1904,4,370,2023-03-13 18:27:43,20
1905,4,72,2023-03-09 12:03:13,10
1906,4,251,2023-03-14 19:07:32,15
1907,4,76,2023-03-03 19:44:19,11
1908,4,338,2023-03-04 17:16:26,1
1909,4,142,2023-03-08 11:35:34,7
1910,4,194,2023-03-11 19:39:24,1
1911,4,128,2023-03-05 11:57:52,18
1912,4,445,2023-03-03 19:26:53,19
1913,4,442,2023-03-03 13:40:34,17
1914,4,493,2023-03-02 13:25:34,11
1915,4,133,2023-03-02 13:59:08,5
1916,4,170,2023-03-04 19:01:26,15
1917,4,245,2023-03-06 12:20:44,10
1918,4,336,2023-03-12 12:13:31,11
1919,4,106,2023-03-14 12:31:09,7
1920,4,51,2023-03-15 19:07:23,14
1921,4,130,2023-03-12 18:08:50,12
1922,4,385,2023-03-14 13:51:06,1
1923,4,133,2023-03-10 13:09:49,15
1924,4,27,2023-03-12 13:06:05,11
1925,4,398,2023-03-09 18:36:24,20
1926,4,11,2023-03-06 19:03:14,14
1927,4,1,2023-03-06 12:08:40,9
1928,4,69,2023-03-15 18:49:35,12
1929,4,279,2023-03-09 13:00:17,8
1930,4,245,2023-03-12 19:28:07,12
1931,4,55,2023-03-12 12:55:29,3
1932,4,305,2023-03-14 17:26:23,15
1933,4,188,2023-03-12 17:06:32,4
1934,4,34,2023-03-09 18:53:43,1
1935,4,73,2023-03-13 12:13:11,11
1936,4,105,2023-03-12 17:53:20,20
1937,4,341,2023-03-04 13:23:36,15
1938,4,221,2023-03-05 18:50:44,5
1939,4,59,2023-03-06 19:55:41,18
1940,4,432,2023-03-03 19:22:34,12
1941,4,484,2023-03-02 11:42:56,20
1942,4,313,2023-03-05 12:59:26,4
1943,4,171,2023-03-01 12:15:34,18
1944,4,293,2023-03-08 12:56:01,1
1945,4,42,2023-03-12 11:14:15,5
1946,4,328,2023-03-09 13:22:39,15
1947,4,218,2023-03-04 12:46:45,13
1948,4,158,2023-03-10 17:12:48,19
1949,4,328,2023-03-11 12:03:45,3
1950,4,437,2023-03-01 19:14:31,7
1951,4,88,2023-03-03 13:42:36,20
1952,4,475,2023-03-08 11:42:20,11
1953,4,353,2023-03-09 13:58:12,19
1954,4,67,2023-03-10 18:33:20,8
1955,4,192,2023-03-03 12:28:59,19
1956,4,480,2023-03-06 19:32:07,8
1957,4,282,2023-03-09 12:08:00,15
1958,4,128,2023-03-01 18:37:19,4
1959,4,140,2023-03-12 12:44:32,8
1960,4,50,2023-03-02 12:44:45,9
1961,4,67,2023-03-05 11:51:41,7
1962,4,413,2023-03-02 18:57:40,6
1963,4,131,2023-03-10 17:28:37,1
1964,4,293,2023-03-03 13:56:35,19
1965,4,258,2023-03-11 19:00:18,7
1966,4,435,2023-03-14 13:19:12,13
1967,4,52,2023-03-11 11:15:11,18
1968,4,280,2023-03-15 18:15:00,16
1969,4,2,2023-03-02 18:53:36,14
1970,4,428,2023-03-09 12:24:50,4
1971,4,102,2023-03-12 11:07:44,8
1972,4,395,2023-03-03 12:07:32,2
1973,4,200,2023-03-14 17:07:52,13
1974,4,177,2023-03-05 11:50:39,6
1975,4,190,2023-03-06 18:47:00,2
1976,4,228,2023-03-10 19:03:06,15
1977,4,374,2023-03-12 13:35:23,4
1978,4,432,2023-03-15 18:58:49,14
1979,4,50,2023-03-02 13:11:45,3
1980,4,368,2023-03-03 19:55:06,12
1981,4,464,2023-03-14 12:55:57,16
1982,4,472,2023-03-04 12:52:10,12
1983,4,91,2023-03-11 19:01:26,2
1984,4,4,2023-03-03 17:28:17,18
1985,4,467,2023-03-01 19:25:09,20
1986,4,222,2023-03-06 17:44:49,20
1987,4,206,2023-03-07 11:18:14,15
1988,4,180,2023-03-02 12:58:59,15
1989,4,23,2023-03-05 12:08:08,11
1990,4,405,2023-03-01 18:40:20,17
1991,4,187,2023-03-13 12:40:58,4
1992,4,392,2023-03-02 12:32:43,11
1993,4,310,2023-03-03 18:07:56,14
1994,4,121,2023-03-10 17:10:32,13
1995,4,164,2023-03-08 17:15:30,11
1996,4,175,2023-03-02 11:24:04,13
1997,4,240,2023-03-06 12:36:32,8
1998,4,394,2023-03-07 12:16:10,20
1999,4,327,2023-03-12 19:46:40,10
2000,4,182,2023-03-03 11:02:59,1
2001,4,151,2023-03-15 12:44:02,7
2002,4,432,2023-03-09 11:48:21,7
2003,4,299,2023-03-03 12:36:28,16
2004,4,110,2023-03-02 12:02:09,18
2005,4,232,2023-03-04 12:10:57,16
2006,4,417,2023-03-13 13:48:03,15
2007,4,180,2023-03-07 17:50:05,5
2008,4,190,2023-03-10 12:33:42,4
2009,4,24,2023-03-12 13:50:47,16
2010,4,45,2023-03-13 12:45:55,3
2011,4,128,2023-03-06 11:51:49,13
2012,4,270,2023-03-12 18:48:04,7
2013,4,2,2023-03-03 17:15:14,7
2014,4,154,2023-03-02 13:19:53,15
2015,4,186,2023-03-07 19:32:04,15
2016,4,258,2023-03-14 19:57:54,19
2017,4,88,2023-03-14 11:50:33,7
2018,4,375,2023-03-01 11:01:09,8
2019,4,455,2023-03-15 17:53:38,9
2020,4,115,2023-03-14 18:06:43,8
2021,4,351,2023-03-12 19:01:23,17
2022,4,350,2023-03-14 17:00:17,3
2023,4,365,2023-03-11 19:11:03,5
2024,4,441,2023-03-07 19:09:19,18
2025,4,267,2023-03-09 18:26:18,14
2026,4,139,2023-03-10 19:29:13,14
2027,4,241,2023-03-15 17:26:06,3
2028,4,298,2023-03-02 18:33:34,15
2029,4,69,2023-03-14 18:36:05,3
2030,4,248,2023-03-09 11:29:21,18
2031,4,305,2023-03-03 18:34:12,14
2032,4,27,2023-03-14 17:45:17,18
2033,4,371,2023-03-02 18:40:13,1
2034,4,194,2023-03-09 11:18:56,2
2035,4,371,2023-03-04 17:42:43,10
2036,4,357,2023-03-10 19:54:01,7
2037,4,315,2023-03-02 12:40:49,12
2038,4,117,2023-03-06 19:07:57,3
2039,4,296,2023-03-04 18:19:19,10
2040,4,122,2023-03-05 12:17:45,18
2041,4,303,2023-03-09 11:42:43,11
2042,4,60,2023-03-05 13:43:24,12
2043,4,498,2023-03-02 19:28:25,10
2044,4,292,2023-03-12 17:21:11,7
2045,4,220,2023-03-11 18:01:40,18
2046,4,428,2023-03-07 12:54:51,16
2047,4,301,2023-03-14 12:53:40,12
2048,4,184,2023-03-03 12:30:49,16
2049,4,442,2023-03-08 13:36:52,8
2050,4,115,2023-03-14 11:48:27,13
2051,4,156,2023-03-07 13:39:20,12
2052,4,42,2023-03-08 17:22:00,19
2053,4,112,2023-03-13 13:24:57,5
2054,4,32,2023-03-01 19:25:43,6
2055,4,402,2023-03-13 17:25:39,18
2056,4,153,2023-03-03 19:20:22,11
2057,4,245,2023-03-10 17:38:44,17
2058,4,39,2023-03-09 17:20:05,11
2059,4,466,2023-03-15 19:52:29,6
2060,4,133,2023-03-07 12:50:49,3
2061,4,30,2023-03-12 13:30:43,15
2062,4,170,2023-03-03 17:30:38,16
2063,4,51,2023-03-04 18:01:46,9
2064,4,59,2023-03-02 12:41:26,2
2065,4,128,2023-03-10 17:24:20,1
2066,4,480,2023-03-09 11:37:12,16
2067,4,71,2023-03-11 19:06:27,1
2068,4,349,2023-03-14 19:31:40,16
2069,4,17,2023-03-08 12:35:22,1
2070,4,500,2023-03-14 19:05:15,4
2071,4,276,2023-03-06 19:21:04,4
2072,4,355,2023-03-14 17:36:07,20
2073,4,207,2023-03-05 17:04:44,20
2074,4,42,2023-03-08 17:07:44,6
2075,4,275,2023-03-09 11:38:17,2
2076,4,216,2023-03-09 13:53:24,16
2077,4,161,2023-03-05 17:57:18,2
2078,4,304,2023-03-11 17:11:12,18
2079,4,336,2023-03-12 13:08:01,17
2080,4,279,2023-03-02 11:54:34,11
2081,4,155,2023-03-03 18:29:01,10
2082,4,330,2023-03-09 18:02:06,18
2083,4,72,2023-03-01 18:53:21,17
2084,4,192,2023-03-03 18:20:26,1
2085,4,316,2023-03-12 18:37:18,8
2086,4,59,2023-03-14 13:08:12,4
2087,4,214,2023-03-02 19:43:06,18
2088,4,171,2023-03-07 18:31:45,15
2089,4,364,2023-03-12 19:17:26,20
2090,4,344,2023-03-04 12:10:14,16
2091,4,243,2023-03-08 18:19:51,18
2092,4,353,2023-03-14 19:28:21,4
2093,4,137,2023-03-10 19:29:18,5
2094,4,402,2023-03-10 13:25:26,4
2095,4,55,2023-03-05 12:39:46,20
2096,4,229,2023-03-13 12:09:16,3
2097,4,319,2023-03-10 17:40:57,5
2098,4,297,2023-03-12 11:54:53,18
2099,4,203,2023-03-14 17:01:58,20
2100,4,328,2023-03-12 13:02:29,5
2101,4,345,2023-03-09 18:32:23,20
2102,4,172,2023-03-06 17:54:42,12
2103,4,75,2023-03-01 18:31:52,6
2104,4,406,2023-03-10 11:22:08,14
2105,4,235,2023-03-14 12:41:26,3
2106,4,28,2023-03-01 17:27:52,20
2107,4,399,2023-03-13 12:06:19,2
2108,4,22,2023-03-14 11:45:12,12
2109,4,448,2023-03-15 12:12:48,17
2110,4,364,2023-03-15 13:01:26,14
2111,4,112,2023-03-07 18:42:32,3
2112,4,413,2023-03-12 13:24:53,18
2113,4,364,2023-03-02 12:43:07,14
2114,4,373,2023-03-01 19:40:01,18
2115,4,126,2023-03-03 19:22:38,9
2116,4,452,2023-03-12 12:34:37,18
2117,4,426,2023-03-15 12:14:44,15
2118,4,66,2023-03-14 19:02:08,14
2119,4,199,2023-03-13 18:59:37,7
2120,4,348,2023-03-06 18:46:57,10
2121,4,471,2023-03-03 13:04:34,7
2122,4,429,2023-03-03 17:55:15,13
2123,4,230,2023-03-09 19:20:40,18
2124,4,87,2023-03-05 18:43:08,1
2125,4,140,2023-03-10 11:30:46,6
2126,4,251,2023-03-07 12:44:22,7
2127,4,410,2023-03-06 13:01:52,7
2128,4,419,2023-03-15 18:47:25,6
2129,4,8,2023-03-01 17:14:45,2
2130,4,182,2023-03-11 13:52:24,8
2131,4,228,2023-03-12 11:13:08,9
2132,4,263,2023-03-04 12:06:33,3
2133,4,206,2023-03-13 18:23:16,6
2134,4,467,2023-03-07 19:53:08,10
2135,4,134,2023-03-02 18:15:56,12
2136,4,280,2023-03-13 13:16:34,17
2137,4,9,2023-03-11 17:37:14,1
2138,4,152,2023-03-04 12:29:25,4
2139,4,494,2023-03-01 13:47:22,5
2140,4,397,2023-03-15 18:35:50,8
2141,4,444,2023-03-06 18:13:01,12
2142,4,122,2023-03-06 11:28:53,18
2143,4,148,2023-03-07 18:12:20,9
2144,4,267,2023-03-06 11:29:35,4
2145,4,340,2023-03-08 12:19:16,16
2146,4,449,2023-03-12 17:56:39,17
2147,4,358,2023-03-14 11:45:54,12
2148,4,300,2023-03-14 19:33:11,7
2149,4,245,2023-03-01 18:59:37,12
2150,4,348,2023-03-12 19:36:22,11
2151,4,204,2023-03-10 13:16:08,20
2152,4,142,2023-03-11 19:47:01,11
2153,4,9,2023-03-05 12:33:15,1
2154,4,79,2023-03-06 11:41:29,8
2155,4,464,2023-03-03 17:06:06,4
2156,4,322,2023-03-06 17:39:50,19
2157,4,137,2023-03-08 18:55:35,2
2158,4,46,2023-03-08 11:22:42,12
2159,4,105,2023-03-07 17:49:17,5
2160,4,238,2023-03-03 11:58:11,5
2161,4,421,2023-03-01 13:38:19,6
2162,4,435,2023-03-01 13:07:40,18
2163,4,225,2023-03-06 18:13:43,7
2164,4,372,2023-03-11 13:25:35,20
2165,4,494,2023-03-08 11:22:30,15
2166,4,127,2023-03-03 17:45:02,7
2167,4,436,2023-03-05 19:34:55,8
2168,4,193,2023-03-04 18:21:03,9
2169,4,421,2023-03-06 12:03:24,4
2170,4,147,2023-03-02 18:26:36,16
2171,4,61,2023-03-03 12:05:18,16
2172,4,68,2023-03-03 13:08:12,19
2173,4,171,2023-03-15 18:49:45,3
2174,4,35,2023-03-07 18:47:29,15
2175,4,210,2023-03-10 19:29:53,10
2176,4,157,2023-03-15 12:38:17,6
2177,4,82,2023-03-09 13:35:12,12
2178,4,396,2023-03-12 18:38:55,18
2179,4,247,2023-03-08 19:29:02,2
2180,4,290,2023-03-05 19:33:34,17
2181,4,318,2023-03-01 18:10:53,19
2182,4,267,2023-03-03 17:30:19,18
2183,4,209,2023-03-15 11:54:25,13
2184,4,14,2023-03-04 18:14:11,11
2185,4,349,2023-03-01 11:20:27,8
2186,4,22,2023-03-09 19:39:24,5
2187,4,177,2023-03-10 19:11:34,5
2188,4,21,2023-03-05 12:38:40,9
2189,4,30,2023-03-15 17:05:45,18
2190,4,453,2023-03-08 13:29:07,17
2191,4,371,2023-03-08 13:57:50,12
2192,4,91,2023-03-07 19:58:44,4
2193,4,165,2023-03-14 17:55:43,19
2194,4,394,2023-03-12 17:21:36,9
2195,4,380,2023-03-05 18:17:35,14
2196,4,171,2023-03-02 11:19:28,1
2197,4,6,2023-03-14 19:18:57,19
2198,4,286,2023-03-08 18:17:45,4
2199,4,460,2023-03-06 18:08:50,10
2200,4,235,2023-03-10 17:08:32,9
2201,4,168,2023-03-05 13:17:57,11
2202,4,159,2023-03-04 17:28:22,12
2203,4,296,2023-03-15 12:44:17,19
2204,4,405,2023-03-02 19:24:33,12
2205,4,297,2023-03-05 13:55:10,2
2206,4,64,2023-03-14 18:48:56,13
2207,4,288,2023-03-10 13:05:08,8
2208,4,369,2023-03-02 11:38:51,4
2209,4,465,2023-03-09 13:26:02,1
2210,4,441,2023-03-13 12:18:19,18
2211,4,232,2023-03-09 11:02:44,13
2212,4,499,2023-03-09 11:25:09,16
2213,4,446,2023-03-03 18:04:06,10
2214,4,6,2023-03-11 19:03:55,6
2215,4,274,2023-03-07 18:02:05,8
2216,4,150,2023-03-02 11:16:59,18
2217,4,162,2023-03-11 12:55:03,11
2218,4,116,2023-03-09 13:35:11,7
2219,4,467,2023-03-11 19:50:46,6
2220,4,313,2023-03-07 12:51:19,13
2221,4,350,2023-03-04 11:31:56,6
2222,4,48,2023-03-09 19:05:03,15
2223,4,187,2023-03-15 12:27:33,20
2224,4,188,2023-03-14 13:38:35,20
2225,4,143,2023-03-08 11:59:30,4
2226,4,69,2023-03-15 13:04:22,6
2227,4,283,2023-03-12 17:56:40,2
2228,4,180,2023-03-14 12:55:00,13
2229,4,122,2023-03-15 18:13:57,12
2230,4,497,2023-03-07 13:50:10,17
2231,4,217,2023-03-04 18:17:25,15
2232,4,458,2023-03-10 19:57:24,19
2233,4,304,2023-03-08 11:24:03,19
2234,4,15,2023-03-08 18:45:33,2
2235,4,308,2023-03-06 19:43:35,15
2236,4,286,2023-03-10 19:12:15,18
2237,4,120,2023-03-15 19:37:11,2
2238,4,303,2023-03-02 11:48:12,3
2239,4,281,2023-03-08 19:28:44,2
2240,4,133,2023-03-09 17:48:04,6
2241,4,472,2023-03-01 13:53:44,4
2242,4,311,2023-03-15 12:23:27,13
2243,4,194,2023-03-13 18:18:29,19
2244,4,352,2023-03-02 11:01:15,19
2245,4,456,2023-03-12 17:00:42,18
2246,4,365,2023-03-14 12:18:41,1
2247,4,482,2023-03-10 19:24:57,19
2248,4,241,2023-03-01 11:04:57,18
2249,4,351,2023-03-02 19:48:09,7
2250,4,350,2023-03-02 19:17:04,16
2251,4,290,2023-03-08 19:30:58,19
2252,4,50,2023-03-07 13:54:18,4
2253,4,207,2023-03-04 18:59:01,9
2254,4,89,2023-03-11 12:08:50,8
2255,4,409,2023-03-10 18:26:44,14
2256,4,191,2023-03-09 17:52:33,6
2257,4,435,2023-03-04 11:51:05,12
2258,4,4,2023-03-04 18:55:07,11
2259,4,56,2023-03-04 18:29:37,18
2260,4,161,2023-03-15 11:41:09,4
2261,4,96,2023-03-07 12:52:51,2
2262,4,181,2023-03-04 13:52:52,19
2263,4,24,2023-03-05 11:21:30,18
2264,4,400,2023-03-14 19:10:14,1
2265,4,38,2023-03-05 11:11:06,15
2266,4,246,2023-03-08 17:30:23,12
2267,4,398,2023-03-12 19:00:15,8
2268,4,94,2023-03-02 18:59:43,3
2269,4,227,2023-03-15 19:37:18,4
2270,4,437,2023-03-14 13:34:46,20
2271,4,190,2023-03-10 13:27:35,8
2272,4,297,2023-03-13 11:59:06,15
2273,4,314,2023-03-11 11:04:46,11
2274,4,113,2023-03-07 11:34:19,1
2275,4,246,2023-03-04 18:05:58,8
2276,4,9,2023-03-01 18:40:43,15
2277,4,198,2023-03-02 17:19:35,12
2278,4,281,2023-03-08 18:51:43,3
2279,4,468,2023-03-15 18:52:04,10
2280,4,40,2023-03-05 19:57:38,11
2281,4,24,2023-03-12 17:39:24,11
2282,4,137,2023-03-10 12:40:19,4
2283,4,424,2023-03-15 18:45:35,2
2284,4,355,2023-03-01 18:40:35,10
2285,4,320,2023-03-02 19:29:38,13
2286,4,481,2023-03-02 11:37:57,12
2287,4,422,2023-03-05 19:00:33,10
2288,4,149,2023-03-05 18:19:44,16
2289,4,223,2023-03-15 12:38:01,11
2290,4,426,2023-03-11 17:00:24,9
2291,4,33,2023-03-12 18:12:46,5
2292,4,500,2023-03-01 12:21:54,7
2293,4,173,2023-03-07 12:32:14,2
2294,4,225,2023-03-10 11:21:26,2
2295,4,394,2023-03-07 12:40:17,17
2296,4,60,2023-03-15 17:51:38,1
2297,4,455,2023-03-09 12:53:44,5
2298,4,296,2023-03-03 18:56:37,8
2299,4,306,2023-03-03 17:19:24,18
2300,4,51,2023-03-01 18:31:02,13
2301,4,358,2023-03-11 19:32:27,19
2302,4,163,2023-03-04 13:28:15,2
2303,4,203,2023-03-08 19:11:12,12
2304,4,126,2023-03-06 17:03:56,9
2305,4,206,2023-03-09 19:45:40,13
2306,4,246,2023-03-11 18:02:39,7
2307,4,18,2023-03-04 12:11:04,14
2308,4,158,2023-03-05 18:42:52,6
2309,4,72,2023-03-14 19:05:23,16
2310,4,284,2023-03-01 12:34:49,13
2311,4,327,2023-03-15 11:42:37,14
2312,4,382,2023-03-07 11:55:09,10
2313,4,28,2023-03-14 19:36:52,4
2314,4,136,2023-03-06 12:10:12,7
2315,4,254,2023-03-08 13:47:00,11
2316,4,32,2023-03-13 17:13:47,15
2317,4,414,2023-03-13 12:56:02,9
2318,4,266,2023-03-10 12:29:03,2
2319,4,73,2023-03-12 12:19:25,17
2320,4,483,2023-03-01 11:14:26,8
2321,4,390,2023-03-06 11:41:52,3
2322,4,200,2023-03-13 11:29:01,5
2323,4,135,2023-03-06 17:18:20,7
2324,4,152,2023-03-02 13:55:05,13
2325,4,50,2023-03-08 13:55:36,14
2326,4,195,2023-03-09 13:43:27,12
2327,4,444,2023-03-15 17:07:35,12
2328,4,204,2023-03-05 18:01:06,20
2329,4,392,2023-03-13 19:01:20,1
2330,4,478,2023-03-07 19:04:08,3
2331,4,443,2023-03-15 13:12:13,10
2332,4,236,2023-03-08 17:12:04,19
2333,4,30,2023-03-08 12:39:22,7
2334,4,224,2023-03-11 19:10:55,11
2335,4,283,2023-03-08 12:53:32,2
2336,4,191,2023-03-02 13:25:46,7
2337,4,311,2023-03-12 12:07:34,11
2338,4,303,2023-03-02 11:04:42,7
2339,4,381,2023-03-02 12:55:40,5
2340,4,402,2023-03-10 17:19:07,2
2341,4,375,2023-03-04 12:47:25,3
2342,4,332,2023-03-09 12:30:27,9
2343,4,362,2023-03-13 17:42:56,10
2344,4,165,2023-03-08 11:11:51,20
2345,4,298,2023-03-05 18:59:48,9
2346,4,218,2023-03-03 12:41:27,20
2347,4,469,2023-03-09 17:19:58,14
2348,4,404,2023-03-11 13:53:04,5
2349,4,192,2023-03-05 11:38:08,15
2350,4,309,2023-03-15 13:26:35,7
2351,4,378,2023-03-06 11:58:13,17
2352,4,18,2023-03-05 19:13:02,8
2353,4,435,2023-03-06 12:40:42,12
2354,4,451,2023-03-14 11:20:33,11
2355,4,37,2023-03-05 17:05:34,17
2356,4,277,2023-03-02 12:02:34,19
2357,4,38,2023-03-13 17:53:18,18
2358,4,20,2023-03-09 17:57:47,2
2359,4,465,2023-03-12 12:37:33,5
2360,4,346,2023-03-07 12:36:15,10
2361,4,74,2023-03-08 18:17:48,1
2362,4,215,2023-03-09 17:48:39,1
2363,4,292,2023-03-11 12:52:55,5
2364,4,434,2023-03-14 12:01:54,7
2365,4,193,2023-03-07 18:02:03,20
2366,4,468,2023-03-11 13:57:53,8
2367,4,264,2023-03-08 11:35:14,2
2368,4,434,2023-03-15 12:20:20,17
2369,4,307,2023-03-09 17:17:23,9
2370,4,203,2023-03-02 19:20:48,16
2371,4,132,2023-03-10 12:26:15,17
2372,4,226,2023-03-01 11:20:53,9
2373,4,386,2023-03-15 11:31:37,15
2374,4,193,2023-03-03 18:34:20,10
2375,4,46,2023-03-10 19:04:11,11
2376,4,246,2023-03-07 13:52:07,19
2377,4,129,2023-03-11 12:11:49,2
2378,4,6,2023-03-08 11:00:27,12
2379,4,339,2023-03-06 17:04:01,15
2380,4,478,2023-03-06 11:43:45,4
2381,4,369,2023-03-03 13:12:01,14
2382,4,229,2023-03-13 19:36:45,13
2383,4,76,2023-03-10 18:28:08,6
2384,4,159,2023-03-15 11:49:57,15
2385,4,157,2023-03-02 12:59:58,2
2386,4,182,2023-03-08 18:31:00,20
2387,4,72,2023-03-08 12:37:38,18
2388,4,279,2023-03-09 18:04:34,13
2389,4,371,2023-03-10 11:37:44,6
2390,4,201,2023-03-06 13:04:08,5
2391,4,492,2023-03-01 12:40:18,3
2392,4,443,2023-03-14 12:01:31,5
2393,4,228,2023-03-01 19:32:56,6
2394,4,180,2023-03-08 17:30:38,18
2395,4,145,2023-03-06 13:04:09,10
2396,4,322,2023-03-12 13:01:44,5
2397,4,48,2023-03-10 19:51:45,6
2398,4,12,2023-03-10 11:45:51,4
2399,4,203,2023-03-15 13:20:59,12
2400,4,192,2023-03-07 18:09:38,19
2401,5,401,2023-03-12 17:12:14,6
2402,5,402,2023-03-13 19:28:47,3
2403,5,403,2023-03-10 18:07:49,7
2404,5,404,2023-03-14 11:11:39,12
2405,5,405,2023-03-07 11:46:46,12
2406,5,406,2023-03-05 13:47:36,5
2407,5,407,2023-03-08 19:13:00,20
2408,5,408,2023-03-08 13:20:31,9
2409,5,409,2023-03-03 11:16:37,18
2410,5,410,2023-03-06 19:57:22,2
2411,5,411,2023-03-01 19:30:47,13
2412,5,412,2023-03-13 18:25:40,6
2413,5,413,2023-03-11 18:03:25,15
2414,5,414,2023-03-01 18:45:04,6
2415,5,415,2023-03-09 17:46:51,4
2416,5,416,2023-03-10 12:20:44,8
2417,5,417,2023-03-15 19:25:03,14
2418,5,418,2023-03-05 13:22:22,16
2419,5,419,2023-03-15 19:49:45,12
2420,5,420,2023-03-06 19:05:06,18
2421,5,421,2023-03-10 11:19:18,14
2422,5,422,2023-03-09 11:57:41,14
2423,5,423,2023-03-02 12:31:58,11
2424,5,424,2023-03-06 18:59:39,20
2425,5,425,2023-03-14 17:47:26,8
2426,5,426,2023-03-08 11:52:02,3
2427,5,427,2023-03-09 18:00:14,6
2428,5,428,2023-03-07 11:38:09,15
2429,5,429,2023-03-12 13:08:10,3
2430,5,430,2023-03-06 13:14:27,19
2431,5,431,2023-03-14 13:38:31,9
2432,5,432,2023-03-02 12:54:44,20
2433,5,433,2023-03-15 17:25:10,12
2434,5,434,2023-03-05 12:48:19,4
2435,5,435,2023-03-14 19:27:32,12
2436,5,436,2023-03-05 18:08:12,19
2437,5,437,2023-03-13 18:53:57,1
2438,5,438,2023-03-05 17:10:30,16
2439,5,439,2023-03-14 19:30:27,10
2440,5,440,2023-03-06 17:30:57,7
2441,5,441,2023-03-09 18:18:37,17
2442,5,442,2023-03-05 18:15:23,5
2443,5,443,2023-03-13 17:11:15,6
2444,5,444,2023-03-09 13:57:45,3
2445,5,445,2023-03-08 17:21:57,14
2446,5,446,2023-03-04 11:58:48,13
2447,5,447,2023-03-03 17:34:21,17
2448,5,448,2023-03-14 12:54:25,10
2449,5,449,2023-03-08 19:48:26,19
2450,5,450,2023-03-02 13:56:10,2
2451,5,451,2023-03-05 19:48:40,6
2452,5,452,2023-03-14 13:40:52,15
2453,5,453,2023-03-01 17:27:33,20
2454,5,454,2023-03-06 19:44:54,9
2455,5,455,2023-03-03 11:05:18,4
2456,5,456,2023-03-14 17:23:40,9
2457,5,457,2023-03-14 11:07:36,15
2458,5,458,2023-03-03 13:50:17,16
2459,5,459,2023-03-10 11:19:36,2
2460,5,460,2023-03-04 18:41:18,20
2461,5,461,2023-03-04 17:26:13,7
2462,5,462,2023-03-11 17:04:19,3
2463,5,463,2023-03-12 11:15:01,3
2464,5,464,2023-03-15 19:15:04,7
2465,5,465,2023-03-15 19:00:43,15
2466,5,466,2023-03-08 18:47:07,14
2467,5,467,2023-03-08 13:41:02,1
2468,5,468,2023-03-02 11:05:16,16
2469,5,469,2023-03-14 19:09:04,6
2470,5,470,2023-03-06 13:45:01,7
2471,5,471,2023-03-05 11:03:40,3
2472,5,472,2023-03-11 12:59:05,18
2473,5,473,2023-03-11 17:36:50,19
2474,5,474,2023-03-14 13:33:36,11
2475,5,475,2023-03-04 12:34:03,19
2476,5,476,2023-03-13 18:54:20,4
2477,5,477,2023-03-09 11:37:44,17
2478,5,478,2023-03-11 12:19:37,9
2479,5,479,2023-03-08 11:00:55,3
2480,5,480,2023-03-13 17:08:27,18
2481,5,481,2023-03-06 18:39:48,8
2482,5,482,2023-03-11 18:33:20,4
2483,5,483,2023-03-09 13:46:05,9
2484,5,484,2023-03-06 11:25:07,19
2485,5,485,2023-03-12 12:11:52,10
2486,5,486,2023-03-09 18:22:22,10
2487,5,487,2023-03-04 13:33:07,2
2488,5,488,2023-03-08 12:01:12,13
2489,5,489,2023-03-14 11:07:15,12
2490,5,490,2023-03-03 18:48:37,12
2491,5,491,2023-03-07 13:24:11,6
2492,5,492,2023-03-07 12:55:51,4
2493,5,493,2023-03-08 18:50:09,18
2494,5,494,2023-03-07 17:34:09,5
2495,5,495,2023-03-12 19:17:04,9
2496,5,496,2023-03-14 18:14:10,18
2497,5,497,2023-03-14 11:41:24,8
2498,5,498,2023-03-02 18:28:04,5
2499,5,499,2023-03-02 18:58:11,7
2500,5,500,2023-03-09 19:47:07,9
2501,5,28,2023-03-08 12:41:05,9
2502,5,165,2023-03-10 12:32:02,5
2503,5,369,2023-03-07 11:39:02,13
2504,5,162,2023-03-06 13:57:38,6
2505,5,135,2023-03-11 17:21:27,4
2506,5,257,2023-03-15 18:53:19,13
2507,5,331,2023-03-14 19:20:02,7
2508,5,200,2023-03-10 17:10:31,14
2509,5,477,2023-03-13 18:56:40,8
2510,5,184,2023-03-12 13:36:52,11
2511,5,269,2023-03-07 19:06:20,17
2512,5,418,2023-03-02 19:57:24,10
2513,5,325,2023-03-11 11:46:52,10
2514,5,297,2023-03-12 11:38:53,5
2515,5,161,2023-03-06 18:20:07,16
2516,5,324,2023-03-13 18:53:01,3
2517,5,370,2023-03-12 18:12:37,8
2518,5,432,2023-03-07 12:49:39,18
2519,5,311,2023-03-14 19:26:27,19
2520,5,482,2023-03-04 18:19:54,18
2521,5,74,2023-03-14 12:25:59,11
2522,5,489,2023-03-10 12:45:58,18
2523,5,21,2023-03-11 12:19:55,7
2524,5,43,2023-03-02 12:44:26,3
2525,5,105,2023-03-14 13:26:52,2
2526,5,165,2023-03-15 11:02:52,20
2527,5,180,2023-03-01 17:47:04,7
2528,5,137,2023-03-03 12:48:01,5
2529,5,71,2023-03-01 12:38:38,11
2530,5,323,2023-03-10 11:49:59,20
2531,5,53,2023-03-13 18:51:29,10
2532,5,252,2023-03-01 17:27:36,20
2533,5,185,2023-03-06 17:11:13,14
2534,5,287,2023-03-01 11:37:01,10
2535,5,372,2023-03-01 11:49:10,11
2536,5,327,2023-03-03 18:00:01,17
2537,5,165,2023-03-01 18:15:03,9
2538,5,331,2023-03-08 13:02:46,11
2539,5,303,2023-03-09 17:51:55,11
2540,5,411,2023-03-09 13:54:29,20
2541,5,198,2023-03-04 19:52:26,5
2542,5,427,2023-03-09 19:56:10,11
2543,5,278,2023-03-02 19:23:39,3
2544,5,20,2023-03-12 11:50:36,10
2545,5,447,2023-03-12 13:04:42,20
2546,5,422,2023-03-08 11:33:26,4
2547,5,408,2023-03-11 13:50:04,12
2548,5,95,2023-03-04 19:49:43,13
2549,5,493,2023-03-03 18:42:47,2
2550,5,116,2023-03-12 18:18:52,17
2551,5,56,2023-03-15 11:48:54,10
2552,5,102,2023-03-13 19:21:13,20
2553,5,263,2023-03-03 12:28:18,5
2554,5,403,2023-03-07 11:16:13,13
2555,5,31,2023-03-06 11:34:17,3
2556,5,405,2023-03-15 17:26:03,5
2557,5,390,2023-03-06 13:27:54,11
2558,5,153,2023-03-09 13:22:13,2
2559,5,116,2023-03-10 13:09:09,11
2560,5,349,2023-03-01 13:19:45,1
2561,5,456,2023-03-01 12:55:41,3
2562,5,40,2023-03-13 13:45:55,10
2563,5,371,2023-03-09 18:44:15,12
2564,5,411,2023-03-06 19:58:51,14
2565,5,492,2023-03-04 17:39:06,19
2566,5,291,2023-03-01 13:12:34,20
2567,5,44,2023-03-05 12:49:05,7
2568,5,31,2023-03-11 17:07:06,13
2569,5,427,2023-03-10 17:48:34,17
2570,5,193,2023-03-02 18:17:41,20
2571,5,297,2023-03-03 11:48:04,6
2572,5,17,2023-03-02 11:26:12,8
2573,5,445,2023-03-04 17:26:14,7
2574,5,401,2023-03-02 13:30:03,9
2575,5,478,2023-03-07 19:29:45,11
2576,5,376,2023-03-07 17:27:55,17
2577,5,160,2023-03-08 12:04:18,3
2578,5,311,2023-03-13 19:36:09,2
2579,5,27,2023-03-09 13:09:35,14
2580,5,300,2023-03-14 19:31:20,6
2581,5,348,2023-03-07 19:16:33,16
2582,5,63,2023-03-06 12:17:45,17
2583,5,498,2023-03-14 11:01:42,5
2584,5,158,2023-03-08 12:01:45,17
2585,5,225,2023-03-08 17:31:32,20
2586,5,98,2023-03-09 19:16:23,12
2587,5,384,2023-03-12 17:23:15,2
2588,5,366,2023-03-01 19:51:00,12
2589,5,173,2023-03-08 12:52:49,10
2590,5,372,2023-03-06 11:26:38,9
2591,5,416,2023-03-11 18:23:09,2
2592,5,189,2023-03-13 11:34:49,1
2593,5,468,2023-03-15 12:41:51,1
2594,5,269,2023-03-03 18:22:33,11
2595,5,438,2023-03-02 17:43:42,19
2596,5,407,2023-03-15 13:41:57,15
2597,5,286,2023-03-03 13:16:29,10
2598,5,467,2023-03-14 19:06:10,4
2599,5,449,2023-03-10 19:45:36,20
2600,5,258,2023-03-03 12:25:06,9
2601,5,269,2023-03-12 18:51:58,2
2602,5,50,2023-03-13 19:27:44,7
2603,5,178,2023-03-15 19:12:15,15
2604,5,440,2023-03-02 11:03:26,7
2605,5,30,2023-03-08 11:04:05,19
2606,5,70,2023-03-13 19:11:14,12
2607,5,270,2023-03-12 19:45:59,13
2608,5,128,2023-03-12 17:52:03,6
2609,5,323,2023-03-08 12:43:30,12
2610,5,278,2023-03-03 17:01:22,17
2611,5,20,2023-03-14 19:28:10,1
2612,5,31,2023-03-02 17:16:04,8
2613,5,194,2023-03-05 19:13:26,12
2614,5,7,2023-03-06 11:52:53,13
2615,5,148,2023-03-05 18:10:58,9
2616,5,255,2023-03-05 11:54:30,4
2617,5,222,2023-03-07 18:36:36,13
2618,5,408,2023-03-14 13:53:28,1
2619,5,437,2023-03-02 19:31:36,8
2620,5,42,2023-03-12 13:10:39,1
2621,5,176,2023-03-05 13:37:59,17
2622,5,107,2023-03-04 12:19:54,1
2623,5,65,2023-03-11 11:20:42,10
2624,5,473,2023-03-10 11:55:39,13
2625,5,261,2023-03-11 17:08:24,6
2626,5,144,2023-03-03 18:17:45,18
2627,5,221,2023-03-12 11:10:57,1
2628,5,295,2023-03-14 17:43:03,1
2629,5,27,2023-03-01 13:25:17,3
2630,5,442,2023-03-03 13:43:34,10
2631,5,176,2023-03-10 19:45:29,19
2632,5,241,2023-03-10 17:11:07,14
2633,5,470,2023-03-14 18:08:43,6
2634,5,11,2023-03-13 11:24:30,3
2635,5,150,2023-03-06 13:39:04,1
2636,5,151,2023-03-03 13:29:29,8
2637,5,290,2023-03-04 18:53:32,17
2638,5,318,2023-03-01 19:59:44,3
2639,5,105,2023-03-02 11:30:44,14
2640,5,36,2023-03-13 17:05:15,3
2641,5,198,2023-03-13 11:02:16,1
2642,5,408,2023-03-02 11:44:40,3
2643,5,245,2023-03-05 18:19:03,3
2644,5,431,2023-03-06 11:18:03,5
2645,5,265,2023-03-05 12:22:11,2
2646,5,165,2023-03-11 19:51:20,7
2647,5,179,2023-03-09 19:41:38,19
2648,5,244,2023-03-14 11:28:22,17
2649,5,57,2023-03-11 12:19:04,13
2650,5,180,2023-03-01 11:24:12,9
2651,5,344,2023-03-14 13:49:05,13
2652,5,74,2023-03-10 19:40:04,14
2653,5,282,2023-03-07 12:47:10,5
2654,5,321,2023-03-10 11:48:25,2
2655,5,102,2023-03-09 19:45:34,11
2656,5,455,2023-03-08 13:01:14,4
2657,5,27,2023-03-07 11:29:00,3
2658,5,344,2023-03-08 17:31:22,10
2659,5,55,2023-03-15 19:20:35,12
2660,5,167,2023-03-07 17:52:39,14
2661,5,466,2023-03-01 17:22:37,5
2662,5,94,2023-03-07 19:12:41,10
2663,5,46,2023-03-09 19:42:00,7
2664,5,160,2023-03-07 12:13:58,8
2665,5,431,2023-03-03 11:50:29,7
2666,5,28,2023-03-06 12:14:58,13
2667,5,106,2023-03-09 18:51:15,4
2668,5,105,2023-03-12 19:14:37,16
2669,5,196,2023-03-13 17:19:00,7
2670,5,193,2023-03-08 19:26:17,20
2671,5,306,2023-03-13 19:50:54,20
2672,5,449,2023-03-10 18:40:39,17
2673,5,127,2023-03-10 11:32:45,14
2674,5,453,2023-03-04 13:29:03,12
2675,5,185,2023-03-09 18:35:04,7
2676,5,441,2023-03-10 12:44:29,8
2677,5,318,2023-03-07 19:09:53,13
2678,5,400,2023-03-15 19:52:27,6
2679,5,381,2023-03-08 19:09:30,7
2680,5,452,2023-03-11 17:37:59,5
2681,5,323,2023-03-02 12:29:16,17
2682,5,86,2023-03-13 12:21:07,2
2683,5,412,2023-03-06 12:01:32,10
2684,5,405,2023-03-07 18:59:17,20
2685,5,279,2023-03-07 18:53:41,3
2686,5,305,2023-03-09 13:52:53,4
2687,5,423,2023-03-10 18:27:06,9
2688,5,134,2023-03-15 12:12:50,12
2689,5,393,2023-03-10 17:06:45,19
2690,5,260,2023-03-01 17:48:22,9
2691,5,427,2023-03-02 13:08:49,11
2692,5,163,2023-03-05 11:00:22,2
2693,5,33,2023-03-13 17:57:52,13
2694,5,411,2023-03-03 18:54:15,19
2695,5,214,2023-03-02 12:26:02,13
2696,5,122,2023-03-09 17:02:38,6
2697,5,170,2023-03-01 19:09:40,1
2698,5,414,2023-03-11 13:29:57,1
2699,5,225,2023-03-08 19:40:47,17
2700,5,149,2023-03-06 19:37:15,11
2701,5,72,2023-03-07 11:58:27,19
2702,5,21,2023-03-04 17:07:41,3
2703,5,295,2023-03-10 13:49:44,13
2704,5,134,2023-03-08 12:38:38,3
2705,5,233,2023-03-08 17:25:07,14
2706,5,287,2023-03-10 12:14:50,17
2707,5,401,2023-03-07 17:44:59,12
2708,5,393,2023-03-07 11:20:37,16
2709,5,440,2023-03-11 18:18:20,18
2710,5,402,2023-03-03 17:52:31,10
2711,5,384,2023-03-03 18:13:30,2
2712,5,358,2023-03-11 11:34:20,19
2713,5,182,2023-03-14 18:58:49,7
2714,5,272,2023-03-15 12:59:31,14
2715,5,36,2023-03-14 11:18:43,1
2716,5,47,2023-03-13 17:52:09,17
2717,5,327,2023-03-12 12:05:24,18
2718,5,49,2023-03-05 17:53:23,1
2719,5,154,2023-03-03 18:25:19,6
2720,5,368,2023-03-13 12:09:09,6
2721,5,37,2023-03-06 12:23:20,19
2722,5,362,2023-03-12 18:51:34,1
2723,5,275,2023-03-11 18:51:39,9
2724,5,388,2023-03-13 17:05:55,18
2725,5,175,2023-03-10 17:53:22,15
2726,5,285,2023-03-08 17:08:58,5
2727,5,385,2023-03-04 12:30:46,6
2728,5,321,2023-03-03 13:01:20,18
2729,5,315,2023-03-05 11:21:52,20
2730,5,36,2023-03-11 11:05:08,1
2731,5,494,2023-03-01 12:57:27,5
2732,5,19,2023-03-14 19:50:08,5
2733,5,187,2023-03-07 11:59:27,19
2734,5,59,2023-03-02 12:32:17,17
2735,5,124,2023-03-06 12:59:25,11
2736,5,1,2023-03-12 19:58:38,20
2737,5,382,2023-03-04 18:41:57,11
2738,5,342,2023-03-11 18:56:41,2
2739,5,435,2023-03-08 12:35:21,16
2740,5,76,2023-03-03 19:53:38,13
2741,5,161,2023-03-02 17:03:59,9
2742,5,176,2023-03-08 11:16:28,12
2743,5,445,2023-03-15 17:13:21,14
2744,5,490,2023-03-07 18:17:50,17
2745,5,15,2023-03-05 12:59:53,8
2746,5,187,2023-03-10 17:34:32,11
2747,5,224,2023-03-04 19:14:36,16
2748,5,221,2023-03-05 11:23:08,3
2749,5,203,2023-03-14 18:38:23,14
2750,5,111,2023-03-13 19:55:05,17
2751,5,42,2023-03-10 19:52:05,12
2752,5,370,2023-03-15 11:26:41,3
2753,5,384,2023-03-07 18:29:57,20
2754,5,26,2023-03-09 17:24:01,6
2755,5,10,2023-03-04 13:31:15,15
2756,5,130,2023-03-02 17:35:27,7
2757,5,340,2023-03-14 18:35:21,5
2758,5,391,2023-03-09 13:44:10,13
2759,5,11,2023-03-14 11:00:56,9
2760,5,457,2023-03-15 12:07:01,15
2761,5,368,2023-03-09 19:22:02,7
2762,5,417,2023-03-15 13:25:28,14
2763,5,457,2023-03-10 12:28:38,19
2764,5,152,2023-03-07 13:34:51,13
2765,5,214,2023-03-10 11:37:31,14
2766,5,279,2023-03-02 12:55:56,1
2767,5,18,2023-03-03 11:35:59,15
2768,5,104,2023-03-01 18:20:42,16
2769,5,196,2023-03-15 11:45:20,10
2770,5,69,2023-03-14 17:08:48,3
2771,5,327,2023-03-03 12:48:15,14
2772,5,149,2023-03-01 18:32:46,8
2773,5,389,2023-03-12 11:45:02,13
2774,5,124,2023-03-11 12:07:13,18
2775,5,266,2023-03-02 18:47:42,16
2776,5,331,2023-03-04 18:11:23,10
2777,5,217,2023-03-15 19:17:50,15
2778,5,470,2023-03-14 13:09:15,3
2779,5,308,2023-03-04 12:00:24,3
2780,5,267,2023-03-12 13:50:58,3
2781,5,40,2023-03-06 18:39:13,20
2782,5,1,2023-03-12 13:11:41,17
2783,5,381,2023-03-06 18:17:49,19
2784,5,391,2023-03-08 17:27:04,6
2785,5,255,2023-03-10 11:53:02,9
2786,5,222,2023-03-03 11:44:47,13
2787,5,322,2023-03-08 19:35:54,18
2788,5,207,2023-03-10 11:40:33,6
2789,5,152,2023-03-01 11:38:35,2
2790,5,154,2023-03-06 18:43:38,13
2791,5,260,2023-03-05 12:40:41,9
2792,5,119,2023-03-14 13:07:55,7
2793,5,482,2023-03-05 12:13:56,12
2794,5,37,2023-03-13 12:49:38,11
2795,5,222,2023-03-08 17:00:18,8
2796,5,261,2023-03-12 18:06:46,19
2797,5,137,2023-03-02 11:45:47,3
2798,5,284,2023-03-01 11:16:21,6
2799,5,341,2023-03-14 11:07:53,3
2800,5,375,2023-03-12 17:53:43,5
2801,5,204,2023-03-02 19:47:42,20
2802,5,42,2023-03-02 17:01:40,1
2803,5,229,2023-03-03 18:32:05,6
2804,5,293,2023-03-05 12:58:43,9
2805,5,435,2023-03-03 19:09:33,6
2806,5,171,2023-03-05 17:52:56,16
2807,5,50,2023-03-13 11:08:28,16
2808,5,305,2023-03-13 12:29:59,17
2809,5,388,2023-03-14 19:57:22,20
2810,5,380,2023-03-01 12:59:22,9
2811,5,234,2023-03-02 11:18:10,15
2812,5,89,2023-03-06 18:33:26,3
2813,5,459,2023-03-08 17:30:02,6
2814,5,5,2023-03-01 11:49:57,20
2815,5,134,2023-03-02 11:10:19,3
2816,5,21,2023-03-12 13:18:21,3
2817,5,376,2023-03-13 18:34:37,15
2818,5,476,2023-03-06 12:46:24,6
2819,5,1,2023-03-09 13:35:53,8
2820,5,130,2023-03-08 12:44:54,7
2821,5,380,2023-03-08 18:51:14,19
2822,5,205,2023-03-12 17:12:34,15
2823,5,103,2023-03-01 11:16:59,11
2824,5,366,2023-03-12 19:30:14,12
2825,5,23,2023-03-11 17:19:01,3
2826,5,94,2023-03-02 18:50:53,14
2827,5,467,2023-03-15 11:09:43,16
2828,5,318,2023-03-01 18:43:50,8
2829,5,181,2023-03-09 19:33:45,12
2830,5,142,2023-03-10 12:50:11,8
2831,5,127,2023-03-08 18:32:31,5
2832,5,406,2023-03-01 17:19:12,16
2833,5,358,2023-03-08 19:26:58,16
2834,5,494,2023-03-06 12:17:30,13
2835,5,371,2023-03-14 18:11:15,3
2836,5,412,2023-03-06 19:28:00,19
2837,5,53,2023-03-09 13:59:05,9
2838,5,59,2023-03-14 19:26:27,10
2839,5,359,2023-03-09 17:35:55,10
2840,5,301,2023-03-14 18:55:28,20
2841,5,146,2023-03-09 17:39:24,9
2842,5,232,2023-03-15 18:45:17,20
2843,5,95,2023-03-07 19:02:02,4
2844,5,386,2023-03-05 11:42:10,10
2845,5,497,2023-03-05 13:03:10,11
2846,5,238,2023-03-07 18:25:02,6
2847,5,83,2023-03-06 18:31:59,6
2848,5,107,2023-03-14 11:21:57,7
2849,5,457,2023-03-03 19:12:04,13
2850,5,462,2023-03-09 11:06:20,13
2851,5,162,2023-03-04 18:35:16,14
2852,5,247,2023-03-14 13:14:40,16
2853,5,105,2023-03-04 13:22:59,9
2854,5,348,2023-03-01 17:26:56,9
2855,5,126,2023-03-06 11:11:21,15
2856,5,376,2023-03-15 13:37:24,19
2857,5,221,2023-03-02 18:26:42,8
2858,5,152,2023-03-15 11:48:25,8
2859,5,320,2023-03-14 11:22:59,7
2860,5,313,2023-03-01 12:43:30,20
2861,5,225,2023-03-04 11:31:09,1
2862,5,49,2023-03-12 11:00:40,17
2863,5,60,2023-03-08 12:15:38,5
2864,5,473,2023-03-09 12:37:31,18
2865,5,170,2023-03-14 17:41:55,20
2866,5,138,2023-03-03 11:23:06,9
2867,5,109,2023-03-07 17:18:00,2
2868,5,136,2023-03-06 19:46:29,1
2869,5,465,2023-03-05 12:51:34,1
2870,5,229,2023-03-08 11:49:13,17
2871,5,191,2023-03-14 19:28:49,18
2872,5,142,2023-03-08 18:14:50,10
2873,5,449,2023-03-09 18:20:18,8
2874,5,132,2023-03-02 17:13:05,18
2875,5,156,2023-03-04 11:01:27,14
2876,5,445,2023-03-02 19:50:42,8
2877,5,390,2023-03-10 13:57:58,8
2878,5,91,2023-03-15 17:17:48,16
2879,5,84,2023-03-04 12:55:27,2
2880,5,338,2023-03-13 13:27:32,16
2881,5,499,2023-03-05 12:42:47,7
2882,5,105,2023-03-07 19:05:03,6
2883,5,451,2023-03-02 12:02:04,8
2884,5,273,2023-03-07 18:48:20,9
2885,5,497,2023-03-01 18:53:42,5
2886,5,244,2023-03-05 12:30:45,16
2887,5,358,2023-03-01 12:15:17,8
2888,5,471,2023-03-14 19:13:26,16
2889,5,247,2023-03-03 18:40:13,9
2890,5,448,2023-03-15 18:18:09,9
2891,5,86,2023-03-07 11:18:59,12
2892,5,493,2023-03-09 18:09:43,12
2893,5,203,2023-03-14 18:30:06,19
2894,5,185,2023-03-03 12:09:26,18
2895,5,339,2023-03-10 18:17:47,7
2896,5,428,2023-03-04 11:49:14,13
2897,5,84,2023-03-01 17:04:35,11
2898,5,230,2023-03-11 19:11:23,1
2899,5,264,2023-03-04 11:42:38,19
2900,5,272,2023-03-01 17:42:45,17
2901,5,380,2023-03-12 12:47:37,4
2902,5,223,2023-03-14 11:41:29,2
2903,5,39,2023-03-15 13:27:03,6
2904,5,396,2023-03-11 19:43:42,18
2905,5,163,2023-03-04 17:45:43,20
2906,5,307,2023-03-01 18:52:19,10
2907,5,490,2023-03-10 17:25:37,20
2908,5,191,2023-03-10 12:59:47,17
2909,5,282,2023-03-02 18:29:18,12
2910,5,484,2023-03-09 11:57:14,7
2911,5,222,2023-03-10 11:36:28,7
2912,5,292,2023-03-10 11:52:06,2
2913,5,299,2023-03-06 18:48:23,16
2914,5,193,2023-03-08 17:55:14,9
2915,5,160,2023-03-09 12:30:51,12
2916,5,13,2023-03-09 12:40:37,20
2917,5,190,2023-03-10 18:46:00,5
2918,5,114,2023-03-07 12:38:10,1
2919,5,470,2023-03-04 18:10:01,17
2920,5,104,2023-03-01 17:18:13,20
2921,5,436,2023-03-05 19:47:15,5
2922,5,474,2023-03-13 13:16:20,4
2923,5,307,2023-03-04 19:13:33,1
2924,5,385,2023-03-08 12:58:15,19
2925,5,234,2023-03-12 17:24:26,20
2926,5,18,2023-03-09 11:12:58,10
2927,5,246,2023-03-09 17:14:48,4
2928,5,290,2023-03-15 19:27:49,7
2929,5,369,2023-03-14 12:32:40,7
2930,5,196,2023-03-11 12:25:13,18
2931,5,402,2023-03-05 11:50:06,5
2932,5,193,2023-03-01 12:20:25,1
2933,5,481,2023-03-02 17:50:14,16
2934,5,229,2023-03-03 18:11:06,7
2935,5,331,2023-03-13 11:23:13,10
2936,5,179,2023-03-13 12:35:27,16
2937,5,435,2023-03-05 19:35:13,18
2938,5,405,2023-03-11 13:31:33,12
2939,5,3,2023-03-09 18:58:17,10
2940,5,323,2023-03-06 12:22:18,6
2941,5,366,2023-03-03 12:18:33,13
2942,5,132,2023-03-10 17:12:17,12
2943,5,426,2023-03-05 17:51:24,17
2944,5,145,2023-03-14 13:54:55,3
2945,5,260,2023-03-15 18:24:25,7
2946,5,457,2023-03-09 13:00:30,20
2947,5,51,2023-03-01 19:21:45,3
2948,5,367,2023-03-06 11:42:32,9
2949,5,330,2023-03-13 11:43:14,6
2950,5,294,2023-03-12 17:57:54,6
2951,5,243,2023-03-13 19:32:23,11
2952,5,140,2023-03-12 17:04:24,7
2953,5,384,2023-03-07 19:59:51,2
2954,5,213,2023-03-12 11:42:48,13
2955,5,119,2023-03-05 11:20:21,2
2956,5,130,2023-03-03 11:32:26,9
2957,5,14,2023-03-03 11:01:18,18
2958,5,323,2023-03-06 12:21:03,5
2959,5,257,2023-03-12 13:37:57,17
2960,5,193,2023-03-14 17:43:46,10
2961,5,375,2023-03-12 17:34:13,17
2962,5,146,2023-03-11 19:01:18,1
2963,5,233,2023-03-13 12:32:14,4
2964,5,369,2023-03-03 12:58:19,20
2965,5,64,2023-03-06 17:43:30,7
2966,5,373,2023-03-01 12:47:15,17
2967,5,340,2023-03-13 17:36:23,4
2968,5,364,2023-03-13 17:43:08,8
2969,5,297,2023-03-14 17:11:25,8
2970,5,354,2023-03-04 18:16:29,1
2971,5,216,2023-03-11 19:17:41,6
2972,5,45,2023-03-02 18:58:19,6
2973,5,362,2023-03-06 19:32:32,16
2974,5,385,2023-03-13 11:45:28,14
2975,5,335,2023-03-12 13:49:26,15
2976,5,498,2023-03-14 13:12:32,19
2977,5,49,2023-03-06 19:57:40,4
2978,5,333,2023-03-05 18:24:41,1
2979,5,259,2023-03-03 13:22:00,1
2980,5,30,2023-03-06 13:10:27,12
2981,5,395,2023-03-09 18:21:21,19
2982,5,489,2023-03-13 13:44:35,19
2983,5,459,2023-03-13 17:00:00,7
2984,5,76,2023-03-03 11:03:59,19
2985,5,343,2023-03-06 18:23:08,1
2986,5,253,2023-03-09 19:10:13,2
2987,5,200,2023-03-08 11:01:48,19
2988,5,333,2023-03-04 19:50:10,20
2989,5,442,2023-03-06 17:57:19,18
2990,5,431,2023-03-11 18:51:28,7
2991,5,4,2023-03-14 11:44:41,19
2992,5,409,2023-03-15 12:18:15,2
2993,5,43,2023-03-05 11:13:00,19
2994,5,498,2023-03-10 17:14:53,20
2995,5,8,2023-03-05 19:07:33,14
2996,5,213,2023-03-05 17:19:34,18
2997,5,39,2023-03-03 17:09:04,10
2998,5,454,2023-03-13 17:44:21,19
2999,5,183,2023-03-04 17:43:31,7
3000,5,188,2023-03-15 12:32:57,14
